time,type,key,key_code,alt_key,ctrl_key,meta_key,shift_key,is_repeat,range_start,range_end
386,mouse,,,false,false,false,false,false,918,249
819,mouse,,,false,false,false,false,false,609,10
1120,mouse,,,false,false,false,false,false,601,12
11686,mouse,,,false,false,false,false,false,1640,482
12218,click,,,false,false,false,false,false,0,0
20019,down,Meta,MetaLeft,false,false,true,false,false,0,0
31669,down,Shift,ShiftLeft,false,false,false,true,false,0,0
31810,down,I,KeyI,false,false,false,true,false,0,0
31813,input,"I",insertText,false,false,false,false,false,1,1
31878,up,I,KeyI,false,false,false,true,false,1,1
31887,up,Shift,ShiftLeft,false,false,false,false,false,1,1
31970,down,n,KeyN,false,false,false,false,false,1,1
31972,input,"n",insertText,false,false,false,false,false,2,2
32046,up,n,KeyN,false,false,false,false,false,2,2
32074,down," ",Space,false,false,false,false,false,2,2
32076,input," ",insertText,false,false,false,false,false,3,3
32126,down,o,KeyO,false,false,false,false,false,3,3
32129,input,"o",insertText,false,false,false,false,false,4,4
32141,up," ",Space,false,false,false,false,false,4,4
32197,up,o,KeyO,false,false,false,false,false,4,4
32253,down,r,KeyR,false,false,false,false,false,4,4
32256,input,"r",insertText,false,false,false,false,false,5,5
32336,up,r,KeyR,false,false,false,false,false,5,5
32443,down,d,KeyD,false,false,false,false,false,5,5
32445,input,"d",insertText,false,false,false,false,false,6,6
32541,up,d,KeyD,false,false,false,false,false,6,6
32557,down,e,KeyE,false,false,false,false,false,6,6
32559,input,"e",insertText,false,false,false,false,false,7,7
32641,down,r,KeyR,false,false,false,false,false,7,7
32643,input,"r",insertText,false,false,false,false,false,8,8
32652,up,e,KeyE,false,false,false,false,false,8,8
32737,up,r,KeyR,false,false,false,false,false,8,8
32756,down," ",Space,false,false,false,false,false,8,8
32758,input," ",insertText,false,false,false,false,false,9,9
32815,down,t,KeyT,false,false,false,false,false,9,9
32817,input,"t",insertText,false,false,false,false,false,10,10
32882,up," ",Space,false,false,false,false,false,10,10
32901,down,o,KeyO,false,false,false,false,false,10,10
32903,input,"o",insertText,false,false,false,false,false,11,11
32939,up,t,KeyT,false,false,false,false,false,11,11
32973,up,o,KeyO,false,false,false,false,false,11,11
33007,down," ",Space,false,false,false,false,false,11,11
33009,input," ",insertText,false,false,false,false,false,12,12
33078,down,m,KeyM,false,false,false,false,false,12,12
33081,input,"m",insertText,false,false,false,false,false,13,13
33087,up," ",Space,false,false,false,false,false,13,13
33180,down,a,KeyA,false,false,false,false,false,13,13
33183,input,"a",insertText,false,false,false,false,false,14,14
33182,up,m,KeyM,false,false,false,false,false,14,14
33254,up,a,KeyA,false,false,false,false,false,14,14
33271,down,k,KeyK,false,false,false,false,false,14,14
33273,input,"k",insertText,false,false,false,false,false,15,15
33373,up,k,KeyK,false,false,false,false,false,15,15
33388,down,e,KeyE,false,false,false,false,false,15,15
33391,input,"e",insertText,false,false,false,false,false,16,16
33492,up,e,KeyE,false,false,false,false,false,16,16
33498,down," ",Space,false,false,false,false,false,16,16
33505,input," ",insertText,false,false,false,false,false,17,17
33574,up," ",Space,false,false,false,false,false,17,17
33629,down,m,KeyM,false,false,false,false,false,17,17
33632,input,"m",insertText,false,false,false,false,false,18,18
33685,up,m,KeyM,false,false,false,false,false,18,18
33756,down,y,KeyY,false,false,false,false,false,18,18
33758,input,"y",insertText,false,false,false,false,false,19,19
33797,up,y,KeyY,false,false,false,false,false,19,19
34013,down," ",Space,false,false,false,false,false,19,19
34015,input," ",insertText,false,false,false,false,false,20,20
34084,up," ",Space,false,false,false,false,false,20,20
34146,down,f,KeyF,false,false,false,false,false,20,20
34149,input,"f",insertText,false,false,false,false,false,21,21
34236,down,a,KeyA,false,false,false,false,false,21,21
34239,input,"a",insertText,false,false,false,false,false,22,22
34270,up,f,KeyF,false,false,false,false,false,22,22
34314,up,a,KeyA,false,false,false,false,false,22,22
34399,down,v,KeyV,false,false,false,false,false,22,22
34402,input,"v",insertText,false,false,false,false,false,23,23
34474,up,v,KeyV,false,false,false,false,false,23,23
34548,down,o,KeyO,false,false,false,false,false,23,23
34550,input,"o",insertText,false,false,false,false,false,24,24
34609,up,o,KeyO,false,false,false,false,false,24,24
34678,down,r,KeyR,false,false,false,false,false,24,24
34680,input,"r",insertText,false,false,false,false,false,25,25
34752,up,r,KeyR,false,false,false,false,false,25,25
34808,down,i,KeyI,false,false,false,false,false,25,25
34810,input,"i",insertText,false,false,false,false,false,26,26
34860,up,i,KeyI,false,false,false,false,false,26,26
34877,down,t,KeyT,false,false,false,false,false,26,26
34879,input,"t",insertText,false,false,false,false,false,27,27
34916,up,t,KeyT,false,false,false,false,false,27,27
35002,down,e,KeyE,false,false,false,false,false,27,27
35005,input,"e",insertText,false,false,false,false,false,28,28
35074,up,e,KeyE,false,false,false,false,false,28,28
35108,down," ",Space,false,false,false,false,false,28,28
35111,input," ",insertText,false,false,false,false,false,29,29
35197,up," ",Space,false,false,false,false,false,29,29
36025,down,f,KeyF,false,false,false,false,false,29,29
36028,input,"f",insertText,false,false,false,false,false,30,30
36115,down,o,KeyO,false,false,false,false,false,30,30
36117,input,"o",insertText,false,false,false,false,false,31,31
36116,up,f,KeyF,false,false,false,false,false,31,31
36175,up,o,KeyO,false,false,false,false,false,31,31
36230,down,o,KeyO,false,false,false,false,false,31,31
36233,input,"o",insertText,false,false,false,false,false,32,32
36311,up,o,KeyO,false,false,false,false,false,32,32
36366,down,d,KeyD,false,false,false,false,false,32,32
36368,input,"d",insertText,false,false,false,false,false,33,33
36456,up,d,KeyD,false,false,false,false,false,33,33
36749,down,",",Comma,false,false,false,false,false,33,33
36752,input,",",insertText,false,false,false,false,false,34,34
36894,up,",",Comma,false,false,false,false,false,34,34
36956,down," ",Space,false,false,false,false,false,34,34
36958,input," ",insertText,false,false,false,false,false,35,35
37059,up," ",Space,false,false,false,false,false,35,35
37085,down,s,KeyS,false,false,false,false,false,35,35
37088,input,"s",insertText,false,false,false,false,false,36,36
37160,down,t,KeyT,false,false,false,false,false,36,36
37162,input,"t",insertText,false,false,false,false,false,37,37
37180,up,s,KeyS,false,false,false,false,false,37,37
37257,up,t,KeyT,false,false,false,false,false,37,37
37313,down,a,KeyA,false,false,false,false,false,37,37
37316,input,"a",insertText,false,false,false,false,false,38,38
37355,down,r,KeyR,false,false,false,false,false,38,38
37356,input,"r",insertText,false,false,false,false,false,39,39
37440,up,a,KeyA,false,false,false,false,false,39,39
37478,up,r,KeyR,false,false,false,false,false,39,39
37564,down,t,KeyT,false,false,false,false,false,39,39
37567,input,"t",insertText,false,false,false,false,false,40,40
37664,up,t,KeyT,false,false,false,false,false,40,40
37682,down," ",Space,false,false,false,false,false,40,40
37685,input," ",insertText,false,false,false,false,false,41,41
37767,up," ",Space,false,false,false,false,false,41,41
37883,down,b,KeyB,false,false,false,false,false,41,41
37885,input,"b",insertText,false,false,false,false,false,42,42
37927,up,b,KeyB,false,false,false,false,false,42,42
37983,down,y,KeyY,false,false,false,false,false,42,42
37985,input,"y",insertText,false,false,false,false,false,43,43
38037,up,y,KeyY,false,false,false,false,false,43,43
38126,down," ",Space,false,false,false,false,false,43,43
38128,input," ",insertText,false,false,false,false,false,44,44
38196,up," ",Space,false,false,false,false,false,44,44
38380,down,c,KeyC,false,false,false,false,false,44,44
38382,input,"c",insertText,false,false,false,false,false,45,45
38460,up,c,KeyC,false,false,false,false,false,45,45
38469,down,h,KeyH,false,false,false,false,false,45,45
38471,input,"h",insertText,false,false,false,false,false,46,46
38548,up,h,KeyH,false,false,false,false,false,46,46
38753,down,o,KeyO,false,false,false,false,false,46,46
38755,input,"o",insertText,false,false,false,false,false,47,47
38818,up,o,KeyO,false,false,false,false,false,47,47
39072,down,p,KeyP,false,false,false,false,false,47,47
39074,input,"p",insertText,false,false,false,false,false,48,48
39149,up,p,KeyP,false,false,false,false,false,48,48
39282,down,p,KeyP,false,false,false,false,false,48,48
39284,input,"p",insertText,false,false,false,false,false,49,49
39325,up,p,KeyP,false,false,false,false,false,49,49
39826,down,i,KeyI,false,false,false,false,false,49,49
39828,input,"i",insertText,false,false,false,false,false,50,50
39893,up,i,KeyI,false,false,false,false,false,50,50
39896,down,n,KeyN,false,false,false,false,false,50,50
39905,input,"n",insertText,false,false,false,false,false,51,51
39947,up,n,KeyN,false,false,false,false,false,51,51
39959,down,g,KeyG,false,false,false,false,false,51,51
39961,input,"g",insertText,false,false,false,false,false,52,52
40051,up,g,KeyG,false,false,false,false,false,52,52
40067,down," ",Space,false,false,false,false,false,52,52
40072,input," ",insertText,false,false,false,false,false,53,53
40147,up," ",Space,false,false,false,false,false,53,53
41607,down,a,KeyA,false,false,false,false,false,53,53
41610,input,"a",insertText,false,false,false,false,false,54,54
41727,up,a,KeyA,false,false,false,false,false,54,54
41727,down," ",Space,false,false,false,false,false,54,54
41739,input," ",insertText,false,false,false,false,false,55,55
41806,up," ",Space,false,false,false,false,false,55,55
41844,down,l,KeyL,false,false,false,false,false,55,55
41846,input,"l",insertText,false,false,false,false,false,56,56
41891,down,a,KeyA,false,false,false,false,false,56,56
41894,input,"a",insertText,false,false,false,false,false,57,57
41938,up,l,KeyL,false,false,false,false,false,57,57
41951,down,r,KeyR,false,false,false,false,false,57,57
41956,input,"r",insertText,false,false,false,false,false,58,58
42006,up,a,KeyA,false,false,false,false,false,58,58
42024,up,r,KeyR,false,false,false,false,false,58,58
42125,down,g,KeyG,false,false,false,false,false,58,58
42128,input,"g",insertText,false,false,false,false,false,59,59
42190,up,g,KeyG,false,false,false,false,false,59,59
42198,down,e,KeyE,false,false,false,false,false,59,59
42205,input,"e",insertText,false,false,false,false,false,60,60
42293,down," ",Space,false,false,false,false,false,60,60
42295,input," ",insertText,false,false,false,false,false,61,61
42309,up,e,KeyE,false,false,false,false,false,61,61
42376,up," ",Space,false,false,false,false,false,61,61
42468,down,w,KeyW,false,false,false,false,false,61,61
42472,input,"w",insertText,false,false,false,false,false,62,62
42545,up,w,KeyW,false,false,false,false,false,62,62
42556,down,h,KeyH,false,false,false,false,false,62,62
42558,input,"h",insertText,false,false,false,false,false,63,63
42627,down,i,KeyI,false,false,false,false,false,63,63
42629,input,"i",insertText,false,false,false,false,false,64,64
42678,up,h,KeyH,false,false,false,false,false,64,64
42712,up,i,KeyI,false,false,false,false,false,64,64
42733,down,t,KeyT,false,false,false,false,false,64,64
42735,input,"t",insertText,false,false,false,false,false,65,65
42777,up,t,KeyT,false,false,false,false,false,65,65
42904,down,e,KeyE,false,false,false,false,false,65,65
42907,input,"e",insertText,false,false,false,false,false,66,66
42972,up,e,KeyE,false,false,false,false,false,66,66
43017,down," ",Space,false,false,false,false,false,66,66
43019,input," ",insertText,false,false,false,false,false,67,67
43084,up," ",Space,false,false,false,false,false,67,67
43289,down,o,KeyO,false,false,false,false,false,67,67
43291,input,"o",insertText,false,false,false,false,false,68,68
43356,up,o,KeyO,false,false,false,false,false,68,68
43472,down,n,KeyN,false,false,false,false,false,68,68
43476,input,"n",insertText,false,false,false,false,false,69,69
43631,down,i,KeyI,false,false,false,false,false,69,69
43635,input,"i",insertText,false,false,false,false,false,70,70
43668,up,n,KeyN,false,false,false,false,false,70,70
43729,down,o,KeyO,false,false,false,false,false,70,70
43732,input,"o",insertText,false,false,false,false,false,71,71
43782,up,i,KeyI,false,false,false,false,false,71,71
43851,up,o,KeyO,false,false,false,false,false,71,71
43960,down,n,KeyN,false,false,false,false,false,71,71
43962,input,"n",insertText,false,false,false,false,false,72,72
44021,up,n,KeyN,false,false,false,false,false,72,72
44172,down,Meta,MetaRight,false,false,true,false,false,72,72
44234,up,Meta,MetaRight,false,false,false,false,false,72,72
44258,down," ",Space,false,false,false,false,false,72,72
44261,input," ",insertText,false,false,false,false,false,73,73
44329,up," ",Space,false,false,false,false,false,73,73
44759,down,Backspace,Backspace,false,false,false,false,false,73,73
44762,input,"",deleteContentBackward,false,false,false,false,false,72,72
44806,up,Backspace,Backspace,false,false,false,false,false,72,72
45077,down,.,Period,false,false,false,false,false,72,72
45080,input,".",insertText,false,false,false,false,false,73,73
45149,up,.,Period,false,false,false,false,false,73,73
45319,down," ",Space,false,false,false,false,false,73,73
45323,input," ",insertText,false,false,false,false,false,74,74
45390,down,Shift,ShiftLeft,false,false,false,true,false,74,74
45411,up," ",Space,false,false,false,true,false,74,74
45481,down,T,KeyT,false,false,false,true,false,74,74
45484,input,"T",insertText,false,false,false,false,false,75,75
45548,up,T,KeyT,false,false,false,true,false,75,75
45550,up,Shift,ShiftLeft,false,false,false,false,false,75,75
45569,down,h,KeyH,false,false,false,false,false,75,75
45572,input,"h",insertText,false,false,false,false,false,76,76
45644,up,h,KeyH,false,false,false,false,false,76,76
45712,down,e,KeyE,false,false,false,false,false,76,76
45714,input,"e",insertText,false,false,false,false,false,77,77
45768,up,e,KeyE,false,false,false,false,false,77,77
45928,down,b,KeyB,false,false,false,false,false,77,77
45930,input,"b",insertText,false,false,false,false,false,78,78
45929,down,n,KeyN,false,false,false,false,false,78,78
45941,input,"n",insertText,false,false,false,false,false,79,79
45959,up,b,KeyB,false,false,false,false,false,79,79
46066,up,n,KeyN,false,false,false,false,false,79,79
46518,down,Backspace,Backspace,false,false,false,false,false,79,79
46522,input,"",deleteContentBackward,false,false,false,false,false,78,78
46564,up,Backspace,Backspace,false,false,false,false,false,78,78
46639,down,Backspace,Backspace,false,false,false,false,false,78,78
46642,input,"",deleteContentBackward,false,false,false,false,false,77,77
46684,up,Backspace,Backspace,false,false,false,false,false,77,77
46830,down,n,KeyN,false,false,false,false,false,77,77
46833,input,"n",insertText,false,false,false,false,false,78,78
46903,up,n,KeyN,false,false,false,false,false,78,78
47022,down,",",Comma,false,false,false,false,false,78,78
47023,input,",",insertText,false,false,false,false,false,79,79
47080,up,",",Comma,false,false,false,false,false,79,79
47161,down," ",Space,false,false,false,false,false,79,79
47163,input," ",insertText,false,false,false,false,false,80,80
47210,up," ",Space,false,false,false,false,false,80,80
47264,down,h,KeyH,false,false,false,false,false,80,80
47265,input,"h",insertText,false,false,false,false,false,81,81
47331,up,h,KeyH,false,false,false,false,false,81,81
47610,down,e,KeyE,false,false,false,false,false,81,81
47611,input,"e",insertText,false,false,false,false,false,82,82
47724,up,e,KeyE,false,false,false,false,false,82,82
47761,down,a,KeyA,false,false,false,false,false,82,82
47764,input,"a",insertText,false,false,false,false,false,83,83
47899,up,a,KeyA,false,false,false,false,false,83,83
47989,down,t,KeyT,false,false,false,false,false,83,83
47992,input,"t",insertText,false,false,false,false,false,84,84
48068,up,t,KeyT,false,false,false,false,false,84,84
49925,down," ",Space,false,false,false,false,false,84,84
49927,input," ",insertText,false,false,false,false,false,85,85
50010,up," ",Space,false,false,false,false,false,85,85
51148,down,p,KeyP,false,false,false,false,false,85,85
51150,input,"p",insertText,false,false,false,false,false,86,86
51245,down,e,KeyE,false,false,false,false,false,86,86
51247,input,"e",insertText,false,false,false,false,false,87,87
51245,up,p,KeyP,false,false,false,false,false,87,87
51333,down,a,KeyA,false,false,false,false,false,87,87
51335,input,"a",insertText,false,false,false,false,false,88,88
51377,up,e,KeyE,false,false,false,false,false,88,88
51437,up,a,KeyA,false,false,false,false,false,88,88
51463,down,n,KeyN,false,false,false,false,false,88,88
51465,input,"n",insertText,false,false,false,false,false,89,89
51528,up,n,KeyN,false,false,false,false,false,89,89
51600,down,u,KeyU,false,false,false,false,false,89,89
51603,input,"u",insertText,false,false,false,false,false,90,90
51652,up,u,KeyU,false,false,false,false,false,90,90
51697,down,t,KeyT,false,false,false,false,false,90,90
51699,input,"t",insertText,false,false,false,false,false,91,91
51805,up,t,KeyT,false,false,false,false,false,91,91
51806,down," ",Space,false,false,false,false,false,91,91
51822,input," ",insertText,false,false,false,false,false,92,92
51880,up," ",Space,false,false,false,false,false,92,92
52815,down,o,KeyO,false,false,false,false,false,92,92
52817,input,"o",insertText,false,false,false,false,false,93,93
52879,down,i,KeyI,false,false,false,false,false,93,93
52881,input,"i",insertText,false,false,false,false,false,94,94
52915,up,o,KeyO,false,false,false,false,false,94,94
52987,up,i,KeyI,false,false,false,false,false,94,94
53083,down,l,KeyL,false,false,false,false,false,94,94
53086,input,"l",insertText,false,false,false,false,false,95,95
53163,up,l,KeyL,false,false,false,false,false,95,95
53306,down," ",Space,false,false,false,false,false,95,95
53308,input," ",insertText,false,false,false,false,false,96,96
53395,up," ",Space,false,false,false,false,false,96,96
53438,down,i,KeyI,false,false,false,false,false,96,96
53442,input,"i",insertText,false,false,false,false,false,97,97
53504,down,n,KeyN,false,false,false,false,false,97,97
53506,input,"n",insertText,false,false,false,false,false,98,98
53515,up,i,KeyI,false,false,false,false,false,98,98
53600,up,n,KeyN,false,false,false,false,false,98,98
53600,down," ",Space,false,false,false,false,false,98,98
53605,input," ",insertText,false,false,false,false,false,99,99
53695,up," ",Space,false,false,false,false,false,99,99
53792,down,. ,Space,false,false,false,false,false,99,99
53795,input,". ",insertText,false,false,false,false,false,100,100
53908,down,l,KeyL,false,false,false,false,false,100,100
53910,input,"l",insertText,false,false,false,false,false,101,101
53910,up," ",Space,false,false,false,false,false,101,101
53961,down,a,KeyA,false,false,false,false,false,101,101
53964,input,"a",insertText,false,false,false,false,false,102,102
53995,up,l,KeyL,false,false,false,false,false,102,102
54067,down,r,KeyR,false,false,false,false,false,102,102
54069,input,"r",insertText,false,false,false,false,false,103,103
54116,up,a,KeyA,false,false,false,false,false,103,103
54160,up,r,KeyR,false,false,false,false,false,103,103
54404,down,Backspace,Backspace,false,false,false,false,false,103,103
54407,input,"",deleteContentBackward,false,false,false,false,false,102,102
54460,up,Backspace,Backspace,false,false,false,false,false,102,102
54533,down,Backspace,Backspace,false,false,false,false,false,102,102
54535,input,"",deleteContentBackward,false,false,false,false,false,101,101
54587,up,Backspace,Backspace,false,false,false,false,false,101,101
54660,down,Backspace,Backspace,false,false,false,false,false,101,101
54662,input,"",deleteContentBackward,false,false,false,false,false,100,100
54720,up,Backspace,Backspace,false,false,false,false,false,100,100
54791,down,Backspace,Backspace,false,false,false,false,false,100,100
54793,input,"",deleteContentBackward,false,false,false,false,false,99,99
54846,up,Backspace,Backspace,false,false,false,false,false,99,99
54914,down,Backspace,Backspace,false,false,false,false,false,99,99
54917,input,"",deleteContentBackward,false,false,false,false,false,98,98
54956,up,Backspace,Backspace,false,false,false,false,false,98,98
55026,down," ",Space,false,false,false,false,false,98,98
55029,input," ",insertText,false,false,false,false,false,99,99
55141,up," ",Space,false,false,false,false,false,99,99
55187,down,l,KeyL,false,false,false,false,false,99,99
55190,input,"l",insertText,false,false,false,false,false,100,100
55251,down,a,KeyA,false,false,false,false,false,100,100
55255,input,"a",insertText,false,false,false,false,false,101,101
55268,up,l,KeyL,false,false,false,false,false,101,101
55322,down,r,KeyR,false,false,false,false,false,101,101
55323,input,"r",insertText,false,false,false,false,false,102,102
55364,up,a,KeyA,false,false,false,false,false,102,102
55398,up,r,KeyR,false,false,false,false,false,102,102
55500,down,g,KeyG,false,false,false,false,false,102,102
55502,input,"g",insertText,false,false,false,false,false,103,103
55555,up,g,KeyG,false,false,false,false,false,103,103
55581,down,e,KeyE,false,false,false,false,false,103,103
55584,input,"e",insertText,false,false,false,false,false,104,104
55691,down," ",Space,false,false,false,false,false,104,104
55694,input," ",insertText,false,false,false,false,false,105,105
55700,up,e,KeyE,false,false,false,false,false,105,105
55769,up," ",Space,false,false,false,false,false,105,105
55884,down,s,KeyS,false,false,false,false,false,105,105
55886,input,"s",insertText,false,false,false,false,false,106,106
55954,up,s,KeyS,false,false,false,false,false,106,106
56014,down,k,KeyK,false,false,false,false,false,106,106
56016,input,"k",insertText,false,false,false,false,false,107,107
56066,up,k,KeyK,false,false,false,false,false,107,107
56167,down,i,KeyI,false,false,false,false,false,107,107
56169,input,"i",insertText,false,false,false,false,false,108,108
56253,down,l,KeyL,false,false,false,false,false,108,108
56256,input,"l",insertText,false,false,false,false,false,109,109
56274,up,i,KeyI,false,false,false,false,false,109,109
56299,up,l,KeyL,false,false,false,false,false,109,109
56383,down,l,KeyL,false,false,false,false,false,109,109
56386,input,"l",insertText,false,false,false,false,false,110,110
56471,down,e,KeyE,false,false,false,false,false,110,110
56474,input,"e",insertText,false,false,false,false,false,111,111
56473,up,l,KeyL,false,false,false,false,false,111,111
56510,up,e,KeyE,false,false,false,false,false,111,111
56679,down,t,KeyT,false,false,false,false,false,111,111
56682,input,"t",insertText,false,false,false,false,false,112,112
56717,up,t,KeyT,false,false,false,false,false,112,112
57577,down,.,Period,false,false,false,false,false,112,112
57579,input,".",insertText,false,false,false,false,false,113,113
57635,up,.,Period,false,false,false,false,false,113,113
57719,down," ",Space,false,false,false,false,false,113,113
57722,input," ",insertText,false,false,false,false,false,114,114
57813,up," ",Space,false,false,false,false,false,114,114
58094,down,Shift,ShiftLeft,false,false,false,true,false,114,114
58226,down,W,KeyW,false,false,false,true,false,114,114
58230,input,"W",insertText,false,false,false,false,false,115,115
58260,up,Shift,ShiftLeft,false,false,false,false,false,115,115
58282,up,w,KeyW,false,false,false,false,false,115,115
58295,down,h,KeyH,false,false,false,false,false,115,115
58296,input,"h",insertText,false,false,false,false,false,116,116
58371,up,h,KeyH,false,false,false,false,false,116,116
58529,down,e,KeyE,false,false,false,false,false,116,116
58531,input,"e",insertText,false,false,false,false,false,117,117
58593,up,e,KeyE,false,false,false,false,false,117,117
58723,down,n,KeyN,false,false,false,false,false,117,117
58726,input,"n",insertText,false,false,false,false,false,118,118
58768,up,n,KeyN,false,false,false,false,false,118,118
58854,down," ",Space,false,false,false,false,false,118,118
58855,input," ",insertText,false,false,false,false,false,119,119
58909,up," ",Space,false,false,false,false,false,119,119
58927,down,i,KeyI,false,false,false,false,false,119,119
58930,input,"i",insertText,false,false,false,false,false,120,120
58987,up,i,KeyI,false,false,false,false,false,120,120
59012,down,t,KeyT,false,false,false,false,false,120,120
59014,input,"t",insertText,false,false,false,false,false,121,121
59086,up,t,KeyT,false,false,false,false,false,121,121
59148,down,"'",Quote,false,false,false,false,false,121,121
59151,input,"'",insertText,false,false,false,false,false,122,122
59210,up,"'",Quote,false,false,false,false,false,122,122
59266,down,s,KeyS,false,false,false,false,false,122,122
59268,input,"s",insertText,false,false,false,false,false,123,123
59368,down," ",Space,false,false,false,false,false,123,123
59372,input," ",insertText,false,false,false,false,false,124,124
59391,up,s,KeyS,false,false,false,false,false,124,124
59454,up," ",Space,false,false,false,false,false,124,124
60224,down,Backspace,Backspace,false,false,false,false,false,124,124
60227,input,"",deleteContentBackward,false,false,false,false,false,123,123
60282,up,Backspace,Backspace,false,false,false,false,false,123,123
60362,down,Backspace,Backspace,false,false,false,false,false,123,123
60365,input,"",deleteContentBackward,false,false,false,false,false,122,122
60416,up,Backspace,Backspace,false,false,false,false,false,122,122
60499,down,Backspace,Backspace,false,false,false,false,false,122,122
60502,input,"",deleteContentBackward,false,false,false,false,false,121,121
60575,up,Backspace,Backspace,false,false,false,false,false,121,121
60598,down,s,KeyS,false,false,false,false,false,121,121
60601,input,"s",insertText,false,false,false,false,false,122,122
60648,down," ",Space,false,false,false,false,false,122,122
60651,input," ",insertText,false,false,false,false,false,123,123
60699,up,s,KeyS,false,false,false,false,false,123,123
60759,up," ",Space,false,false,false,false,false,123,123
61178,down,h,KeyH,false,false,false,false,false,123,123
61180,input,"h",insertText,false,false,false,false,false,124,124
61268,down,o,KeyO,false,false,false,false,false,124,124
61271,input,"o",insertText,false,false,false,false,false,125,125
61306,up,h,KeyH,false,false,false,false,false,125,125
61358,up,o,KeyO,false,false,false,false,false,125,125
61470,down,t,KeyT,false,false,false,false,false,125,125
61472,input,"t",insertText,false,false,false,false,false,126,126
61532,up,t,KeyT,false,false,false,false,false,126,126
61693,down,",",Comma,false,false,false,false,false,126,126
61695,input,",",insertText,false,false,false,false,false,127,127
61794,up,",",Comma,false,false,false,false,false,127,127
61810,down," ",Space,false,false,false,false,false,127,127
61812,input," ",insertText,false,false,false,false,false,128,128
61869,up," ",Space,false,false,false,false,false,128,128
64545,down,t,KeyT,false,false,false,false,false,128,128
64547,input,"t",insertText,false,false,false,false,false,129,129
64636,up,t,KeyT,false,false,false,false,false,129,129
64661,down,h,KeyH,false,false,false,false,false,129,129
64663,input,"h",insertText,false,false,false,false,false,130,130
64728,down,r,KeyR,false,false,false,false,false,130,130
64730,input,"r",insertText,false,false,false,false,false,131,131
64738,up,h,KeyH,false,false,false,false,false,131,131
64822,down,e,KeyE,false,false,false,false,false,131,131
64825,input,"e",insertText,false,false,false,false,false,132,132
64908,up,e,KeyE,false,false,false,false,false,132,132
64909,up,r,KeyR,false,false,false,false,false,132,132
65378,down,Backspace,Backspace,false,false,false,false,false,132,132
65382,input,"",deleteContentBackward,false,false,false,false,false,131,131
65432,up,Backspace,Backspace,false,false,false,false,false,131,131
65618,down,o,KeyO,false,false,false,false,false,131,131
65622,input,"o",insertText,false,false,false,false,false,132,132
65680,up,o,KeyO,false,false,false,false,false,132,132
65736,down,w,KeyW,false,false,false,false,false,132,132
65738,input,"w",insertText,false,false,false,false,false,133,133
65780,up,w,KeyW,false,false,false,false,false,133,133
66275,down," ",Space,false,false,false,false,false,133,133
66278,input," ",insertText,false,false,false,false,false,134,134
66337,up," ",Space,false,false,false,false,false,134,134
66479,down,i,KeyI,false,false,false,false,false,134,134
66481,input,"i",insertText,false,false,false,false,false,135,135
66554,up,i,KeyI,false,false,false,false,false,135,135
66555,down,n,KeyN,false,false,false,false,false,135,135
66571,input,"n",insertText,false,false,false,false,false,136,136
66629,up,n,KeyN,false,false,false,false,false,136,136
66953,down," ",Space,false,false,false,false,false,136,136
66956,input," ",insertText,false,false,false,false,false,137,137
67039,up," ",Space,false,false,false,false,false,137,137
67352,down,2,Digit2,false,false,false,false,false,137,137
67355,input,"2",insertText,false,false,false,false,false,138,138
67465,down," ",Space,false,false,false,false,false,138,138
67468,input," ",insertText,false,false,false,false,false,139,139
67474,up,2,Digit2,false,false,false,false,false,139,139
67540,up," ",Space,false,false,false,false,false,139,139
67660,down,t,KeyT,false,false,false,false,false,139,139
67664,input,"t",insertText,false,false,false,false,false,140,140
67769,down,a,KeyA,false,false,false,false,false,140,140
67772,input,"a",insertText,false,false,false,false,false,141,141
67791,up,t,KeyT,false,false,false,false,false,141,141
67864,up,a,KeyA,false,false,false,false,false,141,141
67911,down,b,KeyB,false,false,false,false,false,141,141
67915,input,"b",insertText,false,false,false,false,false,142,142
68039,down,l,KeyL,false,false,false,false,false,142,142
68041,input,"l",insertText,false,false,false,false,false,143,143
68088,up,b,KeyB,false,false,false,false,false,143,143
68153,up,l,KeyL,false,false,false,false,false,143,143
68179,down,e,KeyE,false,false,false,false,false,143,143
68181,input,"e",insertText,false,false,false,false,false,144,144
68260,up,e,KeyE,false,false,false,false,false,144,144
68444,down,s,KeyS,false,false,false,false,false,144,144
68446,input,"s",insertText,false,false,false,false,false,145,145
68553,up,s,KeyS,false,false,false,false,false,145,145
68668,down,p,KeyP,false,false,false,false,false,145,145
68671,input,"p",insertText,false,false,false,false,false,146,146
68742,up,p,KeyP,false,false,false,false,false,146,146
68919,down,o,KeyO,false,false,false,false,false,146,146
68921,input,"o",insertText,false,false,false,false,false,147,147
68999,up,o,KeyO,false,false,false,false,false,147,147
69082,down,o,KeyO,false,false,false,false,false,147,147
69084,input,"o",insertText,false,false,false,false,false,148,148
69179,up,o,KeyO,false,false,false,false,false,148,148
69194,down,n,KeyN,false,false,false,false,false,148,148
69197,input,"n",insertText,false,false,false,false,false,149,149
69268,up,n,KeyN,false,false,false,false,false,149,149
69309,down,s,KeyS,false,false,false,false,false,149,149
69310,input,"s",insertText,false,false,false,false,false,150,150
69416,up,s,KeyS,false,false,false,false,false,150,150
69418,down," ",Space,false,false,false,false,false,150,150
69421,input," ",insertText,false,false,false,false,false,151,151
69502,down,o,KeyO,false,false,false,false,false,151,151
69505,input,"o",insertText,false,false,false,false,false,152,152
69519,up," ",Space,false,false,false,false,false,152,152
69590,up,o,KeyO,false,false,false,false,false,152,152
69592,down,f,KeyF,false,false,false,false,false,152,152
69605,input,"f",insertText,false,false,false,false,false,153,153
69693,up,f,KeyF,false,false,false,false,false,153,153
69695,down," ",Space,false,false,false,false,false,153,153
69705,input," ",insertText,false,false,false,false,false,154,154
69773,up," ",Space,false,false,false,false,false,154,154
69853,down,c,KeyC,false,false,false,false,false,154,154
69857,input,"c",insertText,false,false,false,false,false,155,155
69939,up,c,KeyC,false,false,false,false,false,155,155
70291,down,u,KeyU,false,false,false,false,false,155,155
70293,input,"u",insertText,false,false,false,false,false,156,156
70374,up,u,KeyU,false,false,false,false,false,156,156
70520,down,m,KeyM,false,false,false,false,false,156,156
70522,input,"m",insertText,false,false,false,false,false,157,157
70622,up,m,KeyM,false,false,false,false,false,157,157
70649,down,i,KeyI,false,false,false,false,false,157,157
70651,input,"i",insertText,false,false,false,false,false,158,158
70746,down,n,KeyN,false,false,false,false,false,158,158
70749,input,"n",insertText,false,false,false,false,false,159,159
70779,up,i,KeyI,false,false,false,false,false,159,159
70864,up,n,KeyN,false,false,false,false,false,159,159
70889,down," ",Space,false,false,false,false,false,159,159
70891,input," ",insertText,false,false,false,false,false,160,160
70988,up," ",Space,false,false,false,false,false,160,160
71145,down,s,KeyS,false,false,false,false,false,160,160
71146,input,"s",insertText,false,false,false,false,false,161,161
71240,up,s,KeyS,false,false,false,false,false,161,161
71301,down,e,KeyE,false,false,false,false,false,161,161
71305,input,"e",insertText,false,false,false,false,false,162,162
71361,up,e,KeyE,false,false,false,false,false,162,162
71445,down,e,KeyE,false,false,false,false,false,162,162
71447,input,"e",insertText,false,false,false,false,false,163,163
71512,up,e,KeyE,false,false,false,false,false,163,163
71738,down,d,KeyD,false,false,false,false,false,163,163
71742,input,"d",insertText,false,false,false,false,false,164,164
71815,up,d,KeyD,false,false,false,false,false,164,164
72602,down,s,KeyS,false,false,false,false,false,164,164
72606,input,"s",insertText,false,false,false,false,false,165,165
72714,up,s,KeyS,false,false,false,false,false,165,165
72742,down," ",Space,false,false,false,false,false,165,165
72744,input," ",insertText,false,false,false,false,false,166,166
72841,down,a,KeyA,false,false,false,false,false,166,166
72844,input,"a",insertText,false,false,false,false,false,167,167
72869,up," ",Space,false,false,false,false,false,167,167
72927,up,a,KeyA,false,false,false,false,false,167,167
72955,down,n,KeyN,false,false,false,false,false,167,167
72961,input,"n",insertText,false,false,false,false,false,168,168
73022,down,d,KeyD,false,false,false,false,false,168,168
73024,input,"d",insertText,false,false,false,false,false,169,169
73076,up,n,KeyN,false,false,false,false,false,169,169
73094,down," ",Space,false,false,false,false,false,169,169
73096,input," ",insertText,false,false,false,false,false,170,170
73107,up,d,KeyD,false,false,false,false,false,170,170
73228,up," ",Space,false,false,false,false,false,170,170
73234,down,w,KeyW,false,false,false,false,false,170,170
73239,input,"w",insertText,false,false,false,false,false,171,171
73342,up,w,KeyW,false,false,false,false,false,171,171
73402,down,a,KeyA,false,false,false,false,false,171,171
73404,input,"a",insertText,false,false,false,false,false,172,172
73431,down,i,KeyI,false,false,false,false,false,172,172
73433,input,"i",insertText,false,false,false,false,false,173,173
73443,up,i,KeyI,false,false,false,false,false,173,173
73475,up,a,KeyA,false,false,false,false,false,173,173
73812,down,t,KeyT,false,false,false,false,false,173,173
73814,input,"t",insertText,false,false,false,false,false,174,174
73901,up,t,KeyT,false,false,false,false,false,174,174
73916,down," ",Space,false,false,false,false,false,174,174
73921,input," ",insertText,false,false,false,false,false,175,175
73999,up," ",Space,false,false,false,false,false,175,175
74054,down,f,KeyF,false,false,false,false,false,175,175
74073,input,"f",insertText,false,false,false,false,false,176,176
74126,up,f,KeyF,false,false,false,false,false,176,176
74134,down,o,KeyO,false,false,false,false,false,176,176
74137,input,"o",insertText,false,false,false,false,false,177,177
74211,down,r,KeyR,false,false,false,false,false,177,177
74213,input,"r",insertText,false,false,false,false,false,178,178
74223,up,o,KeyO,false,false,false,false,false,178,178
74303,down," ",Space,false,false,false,false,false,178,178
74305,input," ",insertText,false,false,false,false,false,179,179
74331,up,r,KeyR,false,false,false,false,false,179,179
74388,up," ",Space,false,false,false,false,false,179,179
74808,down,t,KeyT,false,false,false,false,false,179,179
74810,input,"t",insertText,false,false,false,false,false,180,180
74901,up,t,KeyT,false,false,false,false,false,180,180
74902,down,h,KeyH,false,false,false,false,false,180,180
74905,input,"h",insertText,false,false,false,false,false,181,181
74981,up,h,KeyH,false,false,false,false,false,181,181
75033,down,e,KeyE,false,false,false,false,false,181,181
75035,input,"e",insertText,false,false,false,false,false,182,182
75099,up,e,KeyE,false,false,false,false,false,182,182
75357,down,m,KeyM,false,false,false,false,false,182,182
75361,input,"m",insertText,false,false,false,false,false,183,183
75441,up,m,KeyM,false,false,false,false,false,183,183
75482,down," ",Space,false,false,false,false,false,183,183
75485,input," ",insertText,false,false,false,false,false,184,184
75568,down,t,KeyT,false,false,false,false,false,184,184
75572,input,"t",insertText,false,false,false,false,false,185,185
75621,up," ",Space,false,false,false,false,false,185,185
75660,up,t,KeyT,false,false,false,false,false,185,185
75661,down,o,KeyO,false,false,false,false,false,185,185
75671,input,"o",insertText,false,false,false,false,false,186,186
75763,up,o,KeyO,false,false,false,false,false,186,186
75769,down," ",Space,false,false,false,false,false,186,186
75772,input," ",insertText,false,false,false,false,false,187,187
75834,up," ",Space,false,false,false,false,false,187,187
75955,down,p,KeyP,false,false,false,false,false,187,187
75957,input,"p",insertText,false,false,false,false,false,188,188
76038,up,p,KeyP,false,false,false,false,false,188,188
76144,down,o,KeyO,false,false,false,false,false,188,188
76147,input,"o",insertText,false,false,false,false,false,189,189
76257,down,p,KeyP,false,false,false,false,false,189,189
76260,input,"p",insertText,false,false,false,false,false,190,190
76317,up,o,KeyO,false,false,false,false,false,190,190
76374,up,p,KeyP,false,false,false,false,false,190,190
76581,down,.,Period,false,false,false,false,false,190,190
76583,input,".",insertText,false,false,false,false,false,191,191
76655,up,.,Period,false,false,false,false,false,191,191
76700,down," ",Space,false,false,false,false,false,191,191
76702,input," ",insertText,false,false,false,false,false,192,192
76821,up," ",Space,false,false,false,false,false,192,192
76845,down,Shift,ShiftLeft,false,false,false,true,false,192,192
76962,down,T,KeyT,false,false,false,true,false,192,192
76965,input,"T",insertText,false,false,false,false,false,193,193
77007,up,Shift,ShiftLeft,false,false,false,false,false,193,193
77034,up,t,KeyT,false,false,false,false,false,193,193
77066,down,h,KeyH,false,false,false,false,false,193,193
77067,input,"h",insertText,false,false,false,false,false,194,194
77125,down,i,KeyI,false,false,false,false,false,194,194
77127,input,"i",insertText,false,false,false,false,false,195,195
77207,up,h,KeyH,false,false,false,false,false,195,195
77228,down,s,KeyS,false,false,false,false,false,195,195
77230,input,"s",insertText,false,false,false,false,false,196,196
77257,up,i,KeyI,false,false,false,false,false,196,196
77327,down," ",Space,false,false,false,false,false,196,196
77330,input," ",insertText,false,false,false,false,false,197,197
77343,up,s,KeyS,false,false,false,false,false,197,197
77455,down,w,KeyW,false,false,false,false,false,197,197
77456,input,"w",insertText,false,false,false,false,false,198,198
77455,up," ",Space,false,false,false,false,false,198,198
77547,up,w,KeyW,false,false,false,false,false,198,198
77549,down,i,KeyI,false,false,false,false,false,198,198
77556,input,"i",insertText,false,false,false,false,false,199,199
77597,down,l,KeyL,false,false,false,false,false,199,199
77600,input,"l",insertText,false,false,false,false,false,200,200
77640,up,i,KeyI,false,false,false,false,false,200,200
77653,up,l,KeyL,false,false,false,false,false,200,200
77724,down,l,KeyL,false,false,false,false,false,200,200
77727,input,"l",insertText,false,false,false,false,false,201,201
77795,down," ",Space,false,false,false,false,false,201,201
77797,input," ",insertText,false,false,false,false,false,202,202
77832,up,l,KeyL,false,false,false,false,false,202,202
77871,down,t,KeyT,false,false,false,false,false,202,202
77874,input,"t",insertText,false,false,false,false,false,203,203
77914,up," ",Space,false,false,false,false,false,203,203
77973,down,a,KeyA,false,false,false,false,false,203,203
77975,input,"a",insertText,false,false,false,false,false,204,204
77992,up,t,KeyT,false,false,false,false,false,204,204
78048,up,a,KeyA,false,false,false,false,false,204,204
78068,down,k,KeyK,false,false,false,false,false,204,204
78071,input,"k",insertText,false,false,false,false,false,205,205
78139,down,e,KeyE,false,false,false,false,false,205,205
78142,input,"e",insertText,false,false,false,false,false,206,206
78151,up,k,KeyK,false,false,false,false,false,206,206
78201,down," ",Space,false,false,false,false,false,206,206
78205,input," ",insertText,false,false,false,false,false,207,207
78248,up,e,KeyE,false,false,false,false,false,207,207
78280,down,a,KeyA,false,false,false,false,false,207,207
78282,input,"a",insertText,false,false,false,false,false,208,208
78319,up," ",Space,false,false,false,false,false,208,208
78403,up,a,KeyA,false,false,false,false,false,208,208
78404,down," ",Space,false,false,false,false,false,208,208
78422,input," ",insertText,false,false,false,false,false,209,209
78491,up," ",Space,false,false,false,false,false,209,209
79276,down,m,KeyM,false,false,false,false,false,209,209
79278,input,"m",insertText,false,false,false,false,false,210,210
79379,down,i,KeyI,false,false,false,false,false,210,210
79381,input,"i",insertText,false,false,false,false,false,211,211
79380,up,m,KeyM,false,false,false,false,false,211,211
79452,up,i,KeyI,false,false,false,false,false,211,211
79614,down,n,KeyN,false,false,false,false,false,211,211
79617,input,"n",insertText,false,false,false,false,false,212,212
79686,up,n,KeyN,false,false,false,false,false,212,212
79891,down,u,KeyU,false,false,false,false,false,212,212
79895,input,"u",insertText,false,false,false,false,false,213,213
79948,up,u,KeyU,false,false,false,false,false,213,213
80009,down,t,KeyT,false,false,false,false,false,213,213
80012,input,"t",insertText,false,false,false,false,false,214,214
80084,up,t,KeyT,false,false,false,false,false,214,214
80140,down,e,KeyE,false,false,false,false,false,214,214
80142,input,"e",insertText,false,false,false,false,false,215,215
80222,down," ",Space,false,false,false,false,false,215,215
80223,input," ",insertText,false,false,false,false,false,216,216
80244,up,e,KeyE,false,false,false,false,false,216,216
80319,up," ",Space,false,false,false,false,false,216,216
80361,down,o,KeyO,false,false,false,false,false,216,216
80363,input,"o",insertText,false,false,false,false,false,217,217
80427,up,o,KeyO,false,false,false,false,false,217,217
80439,down,r,KeyR,false,false,false,false,false,217,217
80441,input,"r",insertText,false,false,false,false,false,218,218
80545,up,r,KeyR,false,false,false,false,false,218,218
80545,down," ",Space,false,false,false,false,false,218,218
80556,input," ",insertText,false,false,false,false,false,219,219
80632,down,t,KeyT,false,false,false,false,false,219,219
80635,input,"t",insertText,false,false,false,false,false,220,220
80691,up," ",Space,false,false,false,false,false,220,220
80739,down,w,KeyW,false,false,false,false,false,220,220
80742,input,"w",insertText,false,false,false,false,false,221,221
80741,up,t,KeyT,false,false,false,false,false,221,221
80798,down,o,KeyO,false,false,false,false,false,221,221
80802,input,"o",insertText,false,false,false,false,false,222,222
80818,up,w,KeyW,false,false,false,false,false,222,222
80874,up,o,KeyO,false,false,false,false,false,222,222
81002,down,.,Period,false,false,false,false,false,222,222
81005,input,".",insertText,false,false,false,false,false,223,223
81072,up,.,Period,false,false,false,false,false,223,223
81080,down," ",Space,false,false,false,false,false,223,223
81087,input," ",insertText,false,false,false,false,false,224,224
81114,up," ",Space,false,false,false,false,false,224,224
81152,down,Shift,ShiftLeft,false,false,false,true,false,224,224
81235,down,T,KeyT,false,false,false,true,false,224,224
81238,input,"T",insertText,false,false,false,false,false,225,225
81291,up,Shift,ShiftLeft,false,false,false,false,false,225,225
81309,up,t,KeyT,false,false,false,false,false,225,225
81332,down,h,KeyH,false,false,false,false,false,225,225
81333,input,"h",insertText,false,false,false,false,false,226,226
81406,up,h,KeyH,false,false,false,false,false,226,226
81450,down,e,KeyE,false,false,false,false,false,226,226
81452,input,"e",insertText,false,false,false,false,false,227,227
81512,up,e,KeyE,false,false,false,false,false,227,227
81634,down,n,KeyN,false,false,false,false,false,227,227
81638,input,"n",insertText,false,false,false,false,false,228,228
81734,up,n,KeyN,false,false,false,false,false,228,228
81873,down,",",Comma,false,false,false,false,false,228,228
81875,input,",",insertText,false,false,false,false,false,229,229
81944,up,",",Comma,false,false,false,false,false,229,229
81985,down," ",Space,false,false,false,false,false,229,229
81988,input," ",insertText,false,false,false,false,false,230,230
82043,up," ",Space,false,false,false,false,false,230,230
82432,down,t,KeyT,false,false,false,false,false,230,230
82435,input,"t",insertText,false,false,false,false,false,231,231
82530,up,t,KeyT,false,false,false,false,false,231,231
82532,down,u,KeyU,false,false,false,false,false,231,231
82538,input,"u",insertText,false,false,false,false,false,232,232
82603,up,u,KeyU,false,false,false,false,false,232,232
82628,down,r,KeyR,false,false,false,false,false,232,232
82630,input,"r",insertText,false,false,false,false,false,233,233
82729,up,r,KeyR,false,false,false,false,false,233,233
82772,down,n,KeyN,false,false,false,false,false,233,233
82775,input,"n",insertText,false,false,false,false,false,234,234
82850,up,n,KeyN,false,false,false,false,false,234,234
82862,down," ",Space,false,false,false,false,false,234,234
82864,input," ",insertText,false,false,false,false,false,235,235
82930,up," ",Space,false,false,false,false,false,235,235
82972,down,d,KeyD,false,false,false,false,false,235,235
82974,input,"d",insertText,false,false,false,false,false,236,236
83051,up,d,KeyD,false,false,false,false,false,236,236
83086,down,o,KeyO,false,false,false,false,false,236,236
83088,input,"o",insertText,false,false,false,false,false,237,237
83148,up,o,KeyO,false,false,false,false,false,237,237
83200,down,w,KeyW,false,false,false,false,false,237,237
83203,input,"w",insertText,false,false,false,false,false,238,238
83266,up,w,KeyW,false,false,false,false,false,238,238
83329,down,n,KeyN,false,false,false,false,false,238,238
83332,input,"n",insertText,false,false,false,false,false,239,239
83405,up,n,KeyN,false,false,false,false,false,239,239
83414,down," ",Space,false,false,false,false,false,239,239
83422,input," ",insertText,false,false,false,false,false,240,240
83504,down,t,KeyT,false,false,false,false,false,240,240
83506,input,"t",insertText,false,false,false,false,false,241,241
83565,up," ",Space,false,false,false,false,false,241,241
83576,up,t,KeyT,false,false,false,false,false,241,241
83606,down,h,KeyH,false,false,false,false,false,241,241
83608,input,"h",insertText,false,false,false,false,false,242,242
83675,down,e,KeyE,false,false,false,false,false,242,242
83677,input,"e",insertText,false,false,false,false,false,243,243
83675,up,h,KeyH,false,false,false,false,false,243,243
83762,down," ",Space,false,false,false,false,false,243,243
83765,input," ",insertText,false,false,false,false,false,244,244
83801,up,e,KeyE,false,false,false,false,false,244,244
83854,up," ",Space,false,false,false,false,false,244,244
84484,down,h,KeyH,false,false,false,false,false,244,244
84489,input,"h",insertText,false,false,false,false,false,245,245
84549,up,h,KeyH,false,false,false,false,false,245,245
84614,down,e,KeyE,false,false,false,false,false,245,245
84617,input,"e",insertText,false,false,false,false,false,246,246
84665,down,a,KeyA,false,false,false,false,false,246,246
84667,input,"a",insertText,false,false,false,false,false,247,247
84704,up,e,KeyE,false,false,false,false,false,247,247
84800,down,t,KeyT,false,false,false,false,false,247,247
84806,input,"t",insertText,false,false,false,false,false,248,248
84802,up,a,KeyA,false,false,false,false,false,248,248
84929,down," ",Space,false,false,false,false,false,248,248
84931,input," ",insertText,false,false,false,false,false,249,249
84957,up,t,KeyT,false,false,false,false,false,249,249
84995,down,a,KeyA,false,false,false,false,false,249,249
84999,input,"a",insertText,false,false,false,false,false,250,250
85029,up," ",Space,false,false,false,false,false,250,250
85082,up,a,KeyA,false,false,false,false,false,250,250
85093,down,n,KeyN,false,false,false,false,false,250,250
85096,input,"n",insertText,false,false,false,false,false,251,251
85173,down,d,KeyD,false,false,false,false,false,251,251
85177,input,"d",insertText,false,false,false,false,false,252,252
85175,up,n,KeyN,false,false,false,false,false,252,252
85236,down," ",Space,false,false,false,false,false,252,252
85238,input," ",insertText,false,false,false,false,false,253,253
85250,up,d,KeyD,false,false,false,false,false,253,253
85329,down,a,KeyA,false,false,false,false,false,253,253
85332,input,"a",insertText,false,false,false,false,false,254,254
85368,up," ",Space,false,false,false,false,false,254,254
85421,down,f,KeyF,false,false,false,false,false,254,254
85424,input,"f",insertText,false,false,false,false,false,255,255
85441,up,a,KeyA,false,false,false,false,false,255,255
85491,up,f,KeyF,false,false,false,false,false,255,255
85596,down,d,KeyD,false,false,false,false,false,255,255
85598,input,"d",insertText,false,false,false,false,false,256,256
85657,up,d,KeyD,false,false,false,false,false,256,256
85766,down,Backspace,Backspace,false,false,false,false,false,256,256
85769,input,"",deleteContentBackward,false,false,false,false,false,255,255
85831,up,Backspace,Backspace,false,false,false,false,false,255,255
85896,down,Backspace,Backspace,false,false,false,false,false,255,255
85900,input,"",deleteContentBackward,false,false,false,false,false,254,254
85955,down,d,KeyD,false,false,false,false,false,254,254
85957,input,"d",insertText,false,false,false,false,false,255,255
85974,up,Backspace,Backspace,false,false,false,false,false,255,255
86030,up,d,KeyD,false,false,false,false,false,255,255
86085,down,d,KeyD,false,false,false,false,false,255,255
86089,input,"d",insertText,false,false,false,false,false,256,256
86192,up,d,KeyD,false,false,false,false,false,256,256
86205,down," ",Space,false,false,false,false,false,256,256
86207,input," ",insertText,false,false,false,false,false,257,257
86290,down,t,KeyT,false,false,false,false,false,257,257
86292,input,"t",insertText,false,false,false,false,false,258,258
86342,up," ",Space,false,false,false,false,false,258,258
86379,up,t,KeyT,false,false,false,false,false,258,258
86380,down,h,KeyH,false,false,false,false,false,258,258
86388,input,"h",insertText,false,false,false,false,false,259,259
86441,up,h,KeyH,false,false,false,false,false,259,259
86455,down,e,KeyE,false,false,false,false,false,259,259
86457,input,"e",insertText,false,false,false,false,false,260,260
86543,down," ",Space,false,false,false,false,false,260,260
86546,input," ",insertText,false,false,false,false,false,261,261
86566,up,e,KeyE,false,false,false,false,false,261,261
86627,up," ",Space,false,false,false,false,false,261,261
86773,down,o,KeyO,false,false,false,false,false,261,261
86775,input,"o",insertText,false,false,false,false,false,262,262
86890,down,i,KeyI,false,false,false,false,false,262,262
86892,input,"i",insertText,false,false,false,false,false,263,263
86900,up,o,KeyO,false,false,false,false,false,263,263
87125,up,i,KeyI,false,false,false,false,false,263,263
87329,down,Backspace,Backspace,false,false,false,false,false,263,263
87332,input,"",deleteContentBackward,false,false,false,false,false,262,262
87376,up,Backspace,Backspace,false,false,false,false,false,262,262
87523,down,n,KeyN,false,false,false,false,false,262,262
87526,input,"n",insertText,false,false,false,false,false,263,263
87595,down,i,KeyI,false,false,false,false,false,263,263
87598,input,"i",insertText,false,false,false,false,false,264,264
87665,down,o,KeyO,false,false,false,false,false,264,264
87668,input,"o",insertText,false,false,false,false,false,265,265
87678,up,n,KeyN,false,false,false,false,false,265,265
87762,up,i,KeyI,false,false,false,false,false,265,265
87774,down,n,KeyN,false,false,false,false,false,265,265
87776,input,"n",insertText,false,false,false,false,false,266,266
87802,up,o,KeyO,false,false,false,false,false,266,266
87872,up,n,KeyN,false,false,false,false,false,266,266
88485,down,s,KeyS,false,false,false,false,false,266,266
88490,input,"s",insertText,false,false,false,false,false,267,267
88550,up,s,KeyS,false,false,false,false,false,267,267
88822,down,.,Period,false,false,false,false,false,267,267
88827,input,".",insertText,false,false,false,false,false,268,268
88969,up,.,Period,false,false,false,false,false,268,268
89249,down," ",Space,false,false,false,false,false,268,268
89251,input," ",insertText,false,false,false,false,false,269,269
89292,up," ",Space,false,false,false,false,false,269,269
90637,down,Shift,ShiftLeft,false,false,false,true,false,269,269
90700,down,S,KeyS,false,false,false,true,false,269,269
90702,input,"S",insertText,false,false,false,false,false,270,270
90764,up,Shift,ShiftLeft,false,false,false,false,false,270,270
90784,up,s,KeyS,false,false,false,false,false,270,270
90913,down,t,KeyT,false,false,false,false,false,270,270
90915,input,"t",insertText,false,false,false,false,false,271,271
91000,up,t,KeyT,false,false,false,false,false,271,271
91019,down,i,KeyI,false,false,false,false,false,271,271
91022,input,"i",insertText,false,false,false,false,false,272,272
91127,up,i,KeyI,false,false,false,false,false,272,272
91223,down,r,KeyR,false,false,false,false,false,272,272
91226,input,"r",insertText,false,false,false,false,false,273,273
91299,up,r,KeyR,false,false,false,false,false,273,273
91394,down," ",Space,false,false,false,false,false,273,273
91395,input," ",insertText,false,false,false,false,false,274,274
91470,up," ",Space,false,false,false,false,false,274,274
91503,down,u,KeyU,false,false,false,false,false,274,274
91506,input,"u",insertText,false,false,false,false,false,275,275
91585,down,n,KeyN,false,false,false,false,false,275,275
91589,input,"n",insertText,false,false,false,false,false,276,276
91607,up,u,KeyU,false,false,false,false,false,276,276
91659,down,t,KeyT,false,false,false,false,false,276,276
91661,input,"t",insertText,false,false,false,false,false,277,277
91665,up,n,KeyN,false,false,false,false,false,277,277
91753,up,t,KeyT,false,false,false,false,false,277,277
91796,down,i,KeyI,false,false,false,false,false,277,277
91798,input,"i",insertText,false,false,false,false,false,278,278
91872,down,l,KeyL,false,false,false,false,false,278,278
91875,input,"l",insertText,false,false,false,false,false,279,279
91966,up,i,KeyI,false,false,false,false,false,279,279
92019,up,l,KeyL,false,false,false,false,false,279,279
92150,down," ",Space,false,false,false,false,false,279,279
92153,input," ",insertText,false,false,false,false,false,280,280
92241,down,t,KeyT,false,false,false,false,false,280,280
92244,input,"t",insertText,false,false,false,false,false,281,281
92289,up," ",Space,false,false,false,false,false,281,281
92322,up,t,KeyT,false,false,false,false,false,281,281
92330,down,h,KeyH,false,false,false,false,false,281,281
92338,input,"h",insertText,false,false,false,false,false,282,282
92413,up,h,KeyH,false,false,false,false,false,282,282
92424,down,e,KeyE,false,false,false,false,false,282,282
92426,input,"e",insertText,false,false,false,false,false,283,283
92501,up,e,KeyE,false,false,false,false,false,283,283
92548,down,y,KeyY,false,false,false,false,false,283,283
92550,input,"y",insertText,false,false,false,false,false,284,284
92625,up,y,KeyY,false,false,false,false,false,284,284
92779,down," ",Space,false,false,false,false,false,284,284
92782,input," ",insertText,false,false,false,false,false,285,285
92865,up," ",Space,false,false,false,false,false,285,285
92975,down,a,KeyA,false,false,false,false,false,285,285
92977,input,"a",insertText,false,false,false,false,false,286,286
93064,down,r,KeyR,false,false,false,false,false,286,286
93066,input,"r",insertText,false,false,false,false,false,287,287
93101,up,a,KeyA,false,false,false,false,false,287,287
93154,down,e,KeyE,false,false,false,false,false,287,287
93157,input,"e",insertText,false,false,false,false,false,288,288
93196,up,r,KeyR,false,false,false,false,false,288,288
93238,down," ",Space,false,false,false,false,false,288,288
93240,input," ",insertText,false,false,false,false,false,289,289
93276,up,e,KeyE,false,false,false,false,false,289,289
93327,up," ",Space,false,false,false,false,false,289,289
94651,down,t,KeyT,false,false,false,false,false,289,289
94655,input,"t",insertText,false,false,false,false,false,290,290
94726,up,t,KeyT,false,false,false,false,false,290,290
94808,down,r,KeyR,false,false,false,false,false,290,290
94810,input,"r",insertText,false,false,false,false,false,291,291
94858,down,a,KeyA,false,false,false,false,false,291,291
94860,input,"a",insertText,false,false,false,false,false,292,292
94914,up,r,KeyR,false,false,false,false,false,292,292
94967,up,a,KeyA,false,false,false,false,false,292,292
94982,down,n,KeyN,false,false,false,false,false,292,292
94985,input,"n",insertText,false,false,false,false,false,293,293
95073,up,n,KeyN,false,false,false,false,false,293,293
95115,down,s,KeyS,false,false,false,false,false,293,293
95118,input,"s",insertText,false,false,false,false,false,294,294
95194,up,s,KeyS,false,false,false,false,false,294,294
95252,down,l,KeyL,false,false,false,false,false,294,294
95255,input,"l",insertText,false,false,false,false,false,295,295
95337,down,u,KeyU,false,false,false,false,false,295,295
95341,input,"u",insertText,false,false,false,false,false,296,296
95376,up,l,KeyL,false,false,false,false,false,296,296
95409,up,u,KeyU,false,false,false,false,false,296,296
96151,down,s,KeyS,false,false,false,false,false,296,296
96155,input,"s",insertText,false,false,false,false,false,297,297
96243,down,c,KeyC,false,false,false,false,false,297,297
96246,input,"c",insertText,false,false,false,false,false,298,298
96281,up,s,KeyS,false,false,false,false,false,298,298
96355,up,c,KeyC,false,false,false,false,false,298,298
96377,down,e,KeyE,false,false,false,false,false,298,298
96380,input,"e",insertText,false,false,false,false,false,299,299
96461,up,e,KeyE,false,false,false,false,false,299,299
96491,down,n,KeyN,false,false,false,false,false,299,299
96494,input,"n",insertText,false,false,false,false,false,300,300
96562,up,n,KeyN,false,false,false,false,false,300,300
96624,down,t,KeyT,false,false,false,false,false,300,300
96628,input,"t",insertText,false,false,false,false,false,301,301
96699,up,t,KeyT,false,false,false,false,false,301,301
97168,down,.,Period,false,false,false,false,false,301,301
97172,input,".",insertText,false,false,false,false,false,302,302
97245,down," ",Space,false,false,false,false,false,302,302
97248,input," ",insertText,false,false,false,false,false,303,303
97276,up,.,Period,false,false,false,false,false,303,303
97323,up," ",Space,false,false,false,false,false,303,303
97382,down,Shift,ShiftLeft,false,false,false,true,false,303,303
97462,down,A,KeyA,false,false,false,true,false,303,303
97465,input,"A",insertText,false,false,false,false,false,304,304
97598,up,A,KeyA,false,false,false,true,false,304,304
97652,up,Shift,ShiftLeft,false,false,false,false,false,304,304
97874,down,Backspace,Backspace,false,false,false,false,false,304,304
97877,input,"",deleteContentBackward,false,false,false,false,false,303,303
97959,up,Backspace,Backspace,false,false,false,false,false,303,303
98040,down,Shift,ShiftLeft,false,false,false,true,false,303,303
98456,down,A,KeyA,false,false,false,true,false,303,303
98459,input,"A",insertText,false,false,false,false,false,304,304
98533,up,Shift,ShiftLeft,false,false,false,false,false,304,304
98557,up,a,KeyA,false,false,false,false,false,304,304
98658,down,t,KeyT,false,false,false,false,false,304,304
98661,input,"t",insertText,false,false,false,false,false,305,305
98760,up,t,KeyT,false,false,false,false,false,305,305
98761,down," ",Space,false,false,false,false,false,305,305
98771,input," ",insertText,false,false,false,false,false,306,306
98843,down,t,KeyT,false,false,false,false,false,306,306
98846,input,"t",insertText,false,false,false,false,false,307,307
98894,down,h,KeyH,false,false,false,false,false,307,307
98896,input,"h",insertText,false,false,false,false,false,308,308
98901,up," ",Space,false,false,false,false,false,308,308
98937,up,t,KeyT,false,false,false,false,false,308,308
98975,down,e,KeyE,false,false,false,false,false,308,308
98978,input,"e",insertText,false,false,false,false,false,309,309
98999,up,h,KeyH,false,false,false,false,false,309,309
99055,down," ",Space,false,false,false,false,false,309,309
99058,input," ",insertText,false,false,false,false,false,310,310
99105,up,e,KeyE,false,false,false,false,false,310,310
99153,down,s,KeyS,false,false,false,false,false,310,310
99156,input,"s",insertText,false,false,false,false,false,311,311
99176,up," ",Space,false,false,false,false,false,311,311
99260,up,s,KeyS,false,false,false,false,false,311,311
99454,down,a,KeyA,false,false,false,false,false,311,311
99457,input,"a",insertText,false,false,false,false,false,312,312
99532,up,a,KeyA,false,false,false,false,false,312,312
99562,down,m,KeyM,false,false,false,false,false,312,312
99564,input,"m",insertText,false,false,false,false,false,313,313
99625,up,m,KeyM,false,false,false,false,false,313,313
99653,down,e,KeyE,false,false,false,false,false,313,313
99655,input,"e",insertText,false,false,false,false,false,314,314
99739,down," ",Space,false,false,false,false,false,314,314
99743,input," ",insertText,false,false,false,false,false,315,315
99784,up,e,KeyE,false,false,false,false,false,315,315
99867,up," ",Space,false,false,false,false,false,315,315
99985,down,t,KeyT,false,false,false,false,false,315,315
99988,input,"t",insertText,false,false,false,false,false,316,316
100080,up,t,KeyT,false,false,false,false,false,316,316
100081,down,i,KeyI,false,false,false,false,false,316,316
100088,input,"i",insertText,false,false,false,false,false,317,317
100151,down,m,KeyM,false,false,false,false,false,317,317
100155,input,"m",insertText,false,false,false,false,false,318,318
100185,up,i,KeyI,false,false,false,false,false,318,318
100223,up,m,KeyM,false,false,false,false,false,318,318
100247,down,e,KeyE,false,false,false,false,false,318,318
100250,input,"e",insertText,false,false,false,false,false,319,319
100322,up,e,KeyE,false,false,false,false,false,319,319
100387,down,",",Comma,false,false,false,false,false,319,319
100390,input,",",insertText,false,false,false,false,false,320,320
100442,up,",",Comma,false,false,false,false,false,320,320
100495,down," ",Space,false,false,false,false,false,320,320
100498,input," ",insertText,false,false,false,false,false,321,321
100551,up," ",Space,false,false,false,false,false,321,321
100977,down,p,KeyP,false,false,false,false,false,321,321
100980,input,"p",insertText,false,false,false,false,false,322,322
101078,up,p,KeyP,false,false,false,false,false,322,322
101232,down,o,KeyO,false,false,false,false,false,322,322
101235,input,"o",insertText,false,false,false,false,false,323,323
101342,up,o,KeyO,false,false,false,false,false,323,323
101563,down,Backspace,Backspace,false,false,false,false,false,323,323
101566,input,"",deleteContentBackward,false,false,false,false,false,322,322
101617,up,Backspace,Backspace,false,false,false,false,false,322,322
101690,down,Backspace,Backspace,false,false,false,false,false,322,322
101693,input,"",deleteContentBackward,false,false,false,false,false,321,321
101755,up,Backspace,Backspace,false,false,false,false,false,321,321
102021,down,b,KeyB,false,false,false,false,false,321,321
102024,input,"b",insertText,false,false,false,false,false,322,322
102105,down,u,KeyU,false,false,false,false,false,322,322
102108,input,"u",insertText,false,false,false,false,false,323,323
102173,down,i,KeyI,false,false,false,false,false,323,323
102176,input,"i",insertText,false,false,false,false,false,324,324
102179,up,b,KeyB,false,false,false,false,false,324,324
102254,up,u,KeyU,false,false,false,false,false,324,324
102303,up,i,KeyI,false,false,false,false,false,324,324
102458,down,l,KeyL,false,false,false,false,false,324,324
102460,input,"l",insertText,false,false,false,false,false,325,325
102549,up,l,KeyL,false,false,false,false,false,325,325
102803,down,Backspace,Backspace,false,false,false,false,false,325,325
102806,input,"",deleteContentBackward,false,false,false,false,false,324,324
102856,up,Backspace,Backspace,false,false,false,false,false,324,324
102933,down,Backspace,Backspace,false,false,false,false,false,324,324
102936,input,"",deleteContentBackward,false,false,false,false,false,323,323
102993,up,Backspace,Backspace,false,false,false,false,false,323,323
103069,down,Backspace,Backspace,false,false,false,false,false,323,323
103071,input,"",deleteContentBackward,false,false,false,false,false,322,322
103134,up,Backspace,Backspace,false,false,false,false,false,322,322
103363,down,o,KeyO,false,false,false,false,false,322,322
103366,input,"o",insertText,false,false,false,false,false,323,323
103421,down,i,KeyI,false,false,false,false,false,323,323
103424,input,"i",insertText,false,false,false,false,false,324,324
103469,up,o,KeyO,false,false,false,false,false,324,324
103518,up,i,KeyI,false,false,false,false,false,324,324
103699,down,l,KeyL,false,false,false,false,false,324,324
103703,input,"l",insertText,false,false,false,false,false,325,325
103761,up,l,KeyL,false,false,false,false,false,325,325
103922,down," ",Space,false,false,false,false,false,325,325
103924,input," ",insertText,false,false,false,false,false,326,326
104036,up," ",Space,false,false,false,false,false,326,326
104199,down,p,KeyP,false,false,false,false,false,326,326
104202,input,"p",insertText,false,false,false,false,false,327,327
104261,up,p,KeyP,false,false,false,false,false,327,327
104397,down,l,KeyL,false,false,false,false,false,327,327
104400,input,"l",insertText,false,false,false,false,false,328,328
104468,up,l,KeyL,false,false,false,false,false,328,328
104527,down,a,KeyA,false,false,false,false,false,328,328
104531,input,"a",insertText,false,false,false,false,false,329,329
104630,up,a,KeyA,false,false,false,false,false,329,329
105471,down,i,KeyI,false,false,false,false,false,329,329
105474,input,"i",insertText,false,false,false,false,false,330,330
105553,down,n,KeyN,false,false,false,false,false,330,330
105555,input,"n",insertText,false,false,false,false,false,331,331
105592,up,i,KeyI,false,false,false,false,false,331,331
105646,up,n,KeyN,false,false,false,false,false,331,331
105938,down," ",Space,false,false,false,false,false,331,331
105939,input," ",insertText,false,false,false,false,false,332,332
106071,up," ",Space,false,false,false,false,false,332,332
106743,down,u,KeyU,false,false,false,false,false,332,332
106746,input,"u",insertText,false,false,false,false,false,333,333
106879,up,u,KeyU,false,false,false,false,false,333,333
107396,down,n,KeyN,false,false,false,false,false,333,333
107398,input,"n",insertText,false,false,false,false,false,334,334
107508,up,n,KeyN,false,false,false,false,false,334,334
107520,down,s,KeyS,false,false,false,false,false,334,334
107522,input,"s",insertText,false,false,false,false,false,335,335
107632,down,a,KeyA,false,false,false,false,false,335,335
107635,input,"a",insertText,false,false,false,false,false,336,336
107658,up,s,KeyS,false,false,false,false,false,336,336
107744,up,a,KeyA,false,false,false,false,false,336,336
107806,down,l,KeyL,false,false,false,false,false,336,336
107809,input,"l",insertText,false,false,false,false,false,337,337
107963,up,l,KeyL,false,false,false,false,false,337,337
107994,down,t,KeyT,false,false,false,false,false,337,337
107996,input,"t",insertText,false,false,false,false,false,338,338
108113,down,e,KeyE,false,false,false,false,false,338,338
108116,input,"e",insertText,false,false,false,false,false,339,339
108140,up,t,KeyT,false,false,false,false,false,339,339
108182,up,e,KeyE,false,false,false,false,false,339,339
108288,down,d,KeyD,false,false,false,false,false,339,339
108290,input,"d",insertText,false,false,false,false,false,340,340
108368,down," ",Space,false,false,false,false,false,340,340
108371,input," ",insertText,false,false,false,false,false,341,341
108397,up,d,KeyD,false,false,false,false,false,341,341
108519,up," ",Space,false,false,false,false,false,341,341
108539,down,w,KeyW,false,false,false,false,false,341,341
108541,input,"w",insertText,false,false,false,false,false,342,342
108628,down,a,KeyA,false,false,false,false,false,342,342
108630,input,"a",insertText,false,false,false,false,false,343,343
108666,up,w,KeyW,false,false,false,false,false,343,343
108761,up,a,KeyA,false,false,false,false,false,343,343
108850,down,t,KeyT,false,false,false,false,false,343,343
108852,input,"t",insertText,false,false,false,false,false,344,344
108938,up,t,KeyT,false,false,false,false,false,344,344
109075,down,e,KeyE,false,false,false,false,false,344,344
109077,input,"e",insertText,false,false,false,false,false,345,345
109169,up,e,KeyE,false,false,false,false,false,345,345
109171,down,r,KeyR,false,false,false,false,false,345,345
109188,input,"r",insertText,false,false,false,false,false,346,346
109182,up,r,KeyR,false,false,false,false,false,346,346
109816,down," ",Space,false,false,false,false,false,346,346
109819,input," ",insertText,false,false,false,false,false,347,347
109887,down,a,KeyA,false,false,false,false,false,347,347
109890,input,"a",insertText,false,false,false,false,false,348,348
109911,up," ",Space,false,false,false,false,false,348,348
109967,up,a,KeyA,false,false,false,false,false,348,348
109996,down,n,KeyN,false,false,false,false,false,348,348
109998,input,"n",insertText,false,false,false,false,false,349,349
110067,down,d,KeyD,false,false,false,false,false,349,349
110071,input,"d",insertText,false,false,false,false,false,350,350
110123,up,n,KeyN,false,false,false,false,false,350,350
110144,up,d,KeyD,false,false,false,false,false,350,350
110166,down," ",Space,false,false,false,false,false,350,350
110169,input," ",insertText,false,false,false,false,false,351,351
110250,up," ",Space,false,false,false,false,false,351,351
111354,down,u,KeyU,false,false,false,false,false,351,351
111357,input,"u",insertText,false,false,false,false,false,352,352
111468,up,u,KeyU,false,false,false,false,false,352,352
111684,down,Backspace,Backspace,false,false,false,false,false,352,352
111689,input,"",deleteContentBackward,false,false,false,false,false,351,351
111737,up,Backspace,Backspace,false,false,false,false,false,351,351
111950,down,b,KeyB,false,false,false,false,false,351,351
111954,input,"b",insertText,false,false,false,false,false,352,352
111987,down,u,KeyU,false,false,false,false,false,352,352
111990,input,"u",insertText,false,false,false,false,false,353,353
112037,up,b,KeyB,false,false,false,false,false,353,353
112075,up,u,KeyU,false,false,false,false,false,353,353
112296,down,t,KeyT,false,false,false,false,false,353,353
112298,input,"t",insertText,false,false,false,false,false,354,354
112411,up,t,KeyT,false,false,false,false,false,354,354
112699,down,Backspace,Backspace,false,false,false,false,false,354,354
112700,input,"",deleteContentBackward,false,false,false,false,false,353,353
112757,up,Backspace,Backspace,false,false,false,false,false,353,353
112831,down,Backspace,Backspace,false,false,false,false,false,353,353
112833,input,"",deleteContentBackward,false,false,false,false,false,352,352
112890,up,Backspace,Backspace,false,false,false,false,false,352,352
112964,down,Backspace,Backspace,false,false,false,false,false,352,352
112966,input,"",deleteContentBackward,false,false,false,false,false,351,351
113020,up,Backspace,Backspace,false,false,false,false,false,351,351
113173,down,p,KeyP,false,false,false,false,false,351,351
113176,input,"p",insertText,false,false,false,false,false,352,352
113239,up,p,KeyP,false,false,false,false,false,352,352
113412,down,u,KeyU,false,false,false,false,false,352,352
113415,input,"u",insertText,false,false,false,false,false,353,353
113467,up,u,KeyU,false,false,false,false,false,353,353
113558,down,t,KeyT,false,false,false,false,false,353,353
113559,input,"t",insertText,false,false,false,false,false,354,354
113659,down," ",Space,false,false,false,false,false,354,354
113661,input," ",insertText,false,false,false,false,false,355,355
113689,up,t,KeyT,false,false,false,false,false,355,355
113724,up," ",Space,false,false,false,false,false,355,355
113771,down,i,KeyI,false,false,false,false,false,355,355
113774,input,"i",insertText,false,false,false,false,false,356,356
113832,down,n,KeyN,false,false,false,false,false,356,356
113834,input,"n",insertText,false,false,false,false,false,357,357
113856,up,i,KeyI,false,false,false,false,false,357,357
113904,up,n,KeyN,false,false,false,false,false,357,357
113966,down," ",Space,false,false,false,false,false,357,357
113968,input," ",insertText,false,false,false,false,false,358,358
114016,up," ",Space,false,false,false,false,false,358,358
114251,down,a,KeyA,false,false,false,false,false,358,358
114256,input,"a",insertText,false,false,false,false,false,359,359
114360,down," ",Space,false,false,false,false,false,359,359
114361,input," ",insertText,false,false,false,false,false,360,360
114400,up,a,KeyA,false,false,false,false,false,360,360
114430,up," ",Space,false,false,false,false,false,360,360
114511,down,c,KeyC,false,false,false,false,false,360,360
114513,input,"c",insertText,false,false,false,false,false,361,361
114599,up,c,KeyC,false,false,false,false,false,361,361
114669,down,u,KeyU,false,false,false,false,false,361,361
114672,input,"u",insertText,false,false,false,false,false,362,362
114746,up,u,KeyU,false,false,false,false,false,362,362
114834,down,p,KeyP,false,false,false,false,false,362,362
114838,input,"p",insertText,false,false,false,false,false,363,363
114914,up,p,KeyP,false,false,false,false,false,363,363
114929,down," ",Space,false,false,false,false,false,363,363
114930,input," ",insertText,false,false,false,false,false,364,364
115032,up," ",Space,false,false,false,false,false,364,364
115040,down,o,KeyO,false,false,false,false,false,364,364
115043,input,"o",insertText,false,false,false,false,false,365,365
115112,up,o,KeyO,false,false,false,false,false,365,365
115114,down,f,KeyF,false,false,false,false,false,365,365
115122,input,"f",insertText,false,false,false,false,false,366,366
115192,down," ",Space,false,false,false,false,false,366,366
115195,input," ",insertText,false,false,false,false,false,367,367
115236,up,f,KeyF,false,false,false,false,false,367,367
115286,up," ",Space,false,false,false,false,false,367,367
115367,down,r,KeyR,false,false,false,false,false,367,367
115369,input,"r",insertText,false,false,false,false,false,368,368
115440,down,e,KeyE,false,false,false,false,false,368,368
115441,input,"e",insertText,false,false,false,false,false,369,369
115499,up,r,KeyR,false,false,false,false,false,369,369
115524,up,e,KeyE,false,false,false,false,false,369,369
115621,down,d,KeyD,false,false,false,false,false,369,369
115623,input,"d",insertText,false,false,false,false,false,370,370
115725,down," ",Space,false,false,false,false,false,370,370
115727,input," ",insertText,false,false,false,false,false,371,371
115739,up,d,KeyD,false,false,false,false,false,371,371
115815,up," ",Space,false,false,false,false,false,371,371
116885,down,l,KeyL,false,false,false,false,false,371,371
116888,input,"l",insertText,false,false,false,false,false,372,372
116969,up,l,KeyL,false,false,false,false,false,372,372
116991,down,e,KeyE,false,false,false,false,false,372,372
116992,input,"e",insertText,false,false,false,false,false,373,373
117044,up,e,KeyE,false,false,false,false,false,373,373
117076,down,n,KeyN,false,false,false,false,false,373,373
117079,input,"n",insertText,false,false,false,false,false,374,374
117168,down,t,KeyT,false,false,false,false,false,374,374
117172,input,"t",insertText,false,false,false,false,false,375,375
117168,up,n,KeyN,false,false,false,false,false,375,375
117232,up,t,KeyT,false,false,false,false,false,375,375
117278,down,i,KeyI,false,false,false,false,false,375,375
117280,input,"i",insertText,false,false,false,false,false,376,376
117337,down,l,KeyL,false,false,false,false,false,376,376
117340,input,"l",insertText,false,false,false,false,false,377,377
117372,up,i,KeyI,false,false,false,false,false,377,377
117415,down,s,KeyS,false,false,false,false,false,377,377
117418,input,"s",insertText,false,false,false,false,false,378,378
117442,up,l,KeyL,false,false,false,false,false,378,378
117490,up,s,KeyS,false,false,false,false,false,378,378
117890,down,.,Period,false,false,false,false,false,378,378
117892,input,".",insertText,false,false,false,false,false,379,379
117960,down," ",Space,false,false,false,false,false,379,379
117962,input," ",insertText,false,false,false,false,false,380,380
117993,up,.,Period,false,false,false,false,false,380,380
118025,up," ",Space,false,false,false,false,false,380,380
118058,down,Shift,ShiftLeft,false,false,false,true,false,380,380
118194,down,Y,KeyY,false,false,false,true,false,380,380
118196,input,"Y",insertText,false,false,false,false,false,381,381
118222,down,T,KeyT,false,false,false,true,false,381,381
118224,input,"T",insertText,false,false,false,false,false,382,382
118246,up,T,KeyT,false,false,false,true,false,382,382
118259,up,Y,KeyY,false,false,false,true,false,382,382
118293,up,Shift,ShiftLeft,false,false,false,false,false,382,382
118460,down,o,KeyO,false,false,false,false,false,382,382
118462,input,"o",insertText,false,false,false,false,false,383,383
118566,up,o,KeyO,false,false,false,false,false,383,383
118720,down,Backspace,Backspace,false,false,false,false,false,383,383
118723,input,"",deleteContentBackward,false,false,false,false,false,382,382
118785,up,Backspace,Backspace,false,false,false,false,false,382,382
118857,down,Backspace,Backspace,false,false,false,false,false,382,382
118858,input,"",deleteContentBackward,false,false,false,false,false,381,381
118912,up,Backspace,Backspace,false,false,false,false,false,381,381
119104,down,o,KeyO,false,false,false,false,false,381,381
119107,input,"o",insertText,false,false,false,false,false,382,382
119158,down,u,KeyU,false,false,false,false,false,382,382
119160,input,"u",insertText,false,false,false,false,false,383,383
119211,up,o,KeyO,false,false,false,false,false,383,383
119213,down," ",Space,false,false,false,false,false,383,383
119222,input," ",insertText,false,false,false,false,false,384,384
119240,up,u,KeyU,false,false,false,false,false,384,384
119296,down,c,KeyC,false,false,false,false,false,384,384
119298,input,"c",insertText,false,false,false,false,false,385,385
119305,up," ",Space,false,false,false,false,false,385,385
119358,down,a,KeyA,false,false,false,false,false,385,385
119359,input,"a",insertText,false,false,false,false,false,386,386
119417,up,c,KeyC,false,false,false,false,false,386,386
119456,up,a,KeyA,false,false,false,false,false,386,386
119467,down,n,KeyN,false,false,false,false,false,386,386
119472,input,"n",insertText,false,false,false,false,false,387,387
119529,up,n,KeyN,false,false,false,false,false,387,387
119559,down," ",Space,false,false,false,false,false,387,387
119561,input," ",insertText,false,false,false,false,false,388,388
119659,up," ",Space,false,false,false,false,false,388,388
119877,down,w,KeyW,false,false,false,false,false,388,388
119880,input,"w",insertText,false,false,false,false,false,389,389
119963,down,a,KeyA,false,false,false,false,false,389,389
119965,input,"a",insertText,false,false,false,false,false,390,390
120005,up,w,KeyW,false,false,false,false,false,390,390
120041,up,a,KeyA,false,false,false,false,false,390,390
120113,down,s,KeyS,false,false,false,false,false,390,390
120115,input,"s",insertText,false,false,false,false,false,391,391
120205,up,s,KeyS,false,false,false,false,false,391,391
120243,down," ",Space,false,false,false,false,false,391,391
120245,input," ",insertText,false,false,false,false,false,392,392
120280,down,h,KeyH,false,false,false,false,false,392,392
120282,input,"h",insertText,false,false,false,false,false,393,393
120291,up," ",Space,false,false,false,false,false,393,393
120367,up,h,KeyH,false,false,false,false,false,393,393
120711,down,Backspace,Backspace,false,false,false,false,false,393,393
120713,input,"",deleteContentBackward,false,false,false,false,false,392,392
120764,up,Backspace,Backspace,false,false,false,false,false,392,392
120849,down,Backspace,Backspace,false,false,false,false,false,392,392
120850,input,"",deleteContentBackward,false,false,false,false,false,391,391
120901,up,Backspace,Backspace,false,false,false,false,false,391,391
121046,down,h,KeyH,false,false,false,false,false,391,391
121048,input,"h",insertText,false,false,false,false,false,392,392
121090,down," ",Space,false,false,false,false,false,392,392
121092,input," ",insertText,false,false,false,false,false,393,393
121143,up,h,KeyH,false,false,false,false,false,393,393
121183,down,t,KeyT,false,false,false,false,false,393,393
121185,input,"t",insertText,false,false,false,false,false,394,394
121241,up," ",Space,false,false,false,false,false,394,394
121282,up,t,KeyT,false,false,false,false,false,394,394
121671,down,h,KeyH,false,false,false,false,false,394,394
121674,input,"h",insertText,false,false,false,false,false,395,395
121813,up,h,KeyH,false,false,false,false,false,395,395
121856,down,e,KeyE,false,false,false,false,false,395,395
121859,input,"e",insertText,false,false,false,false,false,396,396
121931,up,e,KeyE,false,false,false,false,false,396,396
122020,down," ",Space,false,false,false,false,false,396,396
122022,input," ",insertText,false,false,false,false,false,397,397
122131,up," ",Space,false,false,false,false,false,397,397
122324,down,l,KeyL,false,false,false,false,false,397,397
122327,input,"l",insertText,false,false,false,false,false,398,398
122387,up,l,KeyL,false,false,false,false,false,398,398
122446,down,e,KeyE,false,false,false,false,false,398,398
122448,input,"e",insertText,false,false,false,false,false,399,399
122520,up,e,KeyE,false,false,false,false,false,399,399
122546,down,n,KeyN,false,false,false,false,false,399,399
122548,input,"n",insertText,false,false,false,false,false,400,400
122620,up,n,KeyN,false,false,false,false,false,400,400
122674,down,t,KeyT,false,false,false,false,false,400,400
122676,input,"t",insertText,false,false,false,false,false,401,401
122752,up,t,KeyT,false,false,false,false,false,401,401
122773,down,i,KeyI,false,false,false,false,false,401,401
122775,input,"i",insertText,false,false,false,false,false,402,402
122839,down,l,KeyL,false,false,false,false,false,402,402
122840,input,"l",insertText,false,false,false,false,false,403,403
122912,up,i,KeyI,false,false,false,false,false,403,403
122998,up,l,KeyL,false,false,false,false,false,403,403
123033,down,e,KeyE,false,false,false,false,false,403,403
123035,input,"e",insertText,false,false,false,false,false,404,404
123104,down,s,KeyS,false,false,false,false,false,404,404
123106,input,"s",insertText,false,false,false,false,false,405,405
123146,up,e,KeyE,false,false,false,false,false,405,405
123198,up,s,KeyS,false,false,false,false,false,405,405
123590,down," ",Space,false,false,false,false,false,405,405
123592,input," ",insertText,false,false,false,false,false,406,406
123684,up," ",Space,false,false,false,false,false,406,406
125207,down,i,KeyI,false,false,false,false,false,406,406
125210,input,"i",insertText,false,false,false,false,false,407,407
125473,up,i,KeyI,false,false,false,false,false,407,407
125619,down,f,KeyF,false,false,false,false,false,407,407
125621,input,"f",insertText,false,false,false,false,false,408,408
125749,down," ",Space,false,false,false,false,false,408,408
125751,input," ",insertText,false,false,false,false,false,409,409
125779,up,f,KeyF,false,false,false,false,false,409,409
125834,up," ",Space,false,false,false,false,false,409,409
127296,down,t,KeyT,false,false,false,false,false,409,409
127299,input,"t",insertText,false,false,false,false,false,410,410
127379,down,h,KeyH,false,false,false,false,false,410,410
127382,input,"h",insertText,false,false,false,false,false,411,411
127420,up,t,KeyT,false,false,false,false,false,411,411
127488,up,h,KeyH,false,false,false,false,false,411,411
127766,down,e,KeyE,false,false,false,false,false,411,411
127770,input,"e",insertText,false,false,false,false,false,412,412
127861,up,e,KeyE,false,false,false,false,false,412,412
130351,down,y,KeyY,false,false,false,false,false,412,412
130355,input,"y",insertText,false,false,false,false,false,413,413
130474,up,y,KeyY,false,false,false,false,false,413,413
130671,down," ",Space,false,false,false,false,false,413,413
130673,input," ",insertText,false,false,false,false,false,414,414
130756,up," ",Space,false,false,false,false,false,414,414
130901,down,n,KeyN,false,false,false,false,false,414,414
130905,input,"n",insertText,false,false,false,false,false,415,415
130957,down,e,KeyE,false,false,false,false,false,415,415
130960,input,"e",insertText,false,false,false,false,false,416,416
130990,up,n,KeyN,false,false,false,false,false,416,416
131022,up,e,KeyE,false,false,false,false,false,416,416
131078,down,e,KeyE,false,false,false,false,false,416,416
131081,input,"e",insertText,false,false,false,false,false,417,417
131146,up,e,KeyE,false,false,false,false,false,417,417
131259,down,d,KeyD,false,false,false,false,false,417,417
131263,input,"d",insertText,false,false,false,false,false,418,418
131352,up,d,KeyD,false,false,false,false,false,418,418
131370,down," ",Space,false,false,false,false,false,418,418
131374,input," ",insertText,false,false,false,false,false,419,419
131464,up," ",Space,false,false,false,false,false,419,419
133772,down,i,KeyI,false,false,false,false,false,419,419
133776,input,"i",insertText,false,false,false,false,false,420,420
133848,up,i,KeyI,false,false,false,false,false,420,420
133905,down,t,KeyT,false,false,false,false,false,420,420
133907,input,"t",insertText,false,false,false,false,false,421,421
133975,down," ",Space,false,false,false,false,false,421,421
133977,input," ",insertText,false,false,false,false,false,422,422
134038,up,t,KeyT,false,false,false,false,false,422,422
134073,up," ",Space,false,false,false,false,false,422,422
134165,down,o,KeyO,false,false,false,false,false,422,422
134168,input,"o",insertText,false,false,false,false,false,423,423
134266,up,o,KeyO,false,false,false,false,false,423,423
134274,down,r,KeyR,false,false,false,false,false,423,423
134276,input,"r",insertText,false,false,false,false,false,424,424
134360,down," ",Space,false,false,false,false,false,424,424
134362,input," ",insertText,false,false,false,false,false,425,425
134396,up,r,KeyR,false,false,false,false,false,425,425
134446,up," ",Space,false,false,false,false,false,425,425
134466,down,l,KeyL,false,false,false,false,false,425,425
134469,input,"l",insertText,false,false,false,false,false,426,426
134534,up,l,KeyL,false,false,false,false,false,426,426
134632,down,o,KeyO,false,false,false,false,false,426,426
134636,input,"o",insertText,false,false,false,false,false,427,427
134679,up,o,KeyO,false,false,false,false,false,427,427
134753,down,o,KeyO,false,false,false,false,false,427,427
134755,input,"o",insertText,false,false,false,false,false,428,428
134803,up,o,KeyO,false,false,false,false,false,428,428
135001,down,k,KeyK,false,false,false,false,false,428,428
135004,input,"k",insertText,false,false,false,false,false,429,429
135056,up,k,KeyK,false,false,false,false,false,429,429
135178,down," ",Space,false,false,false,false,false,429,429
135180,input," ",insertText,false,false,false,false,false,430,430
135254,up," ",Space,false,false,false,false,false,430,430
136312,down,d,KeyD,false,false,false,false,false,430,430
136315,input,"d",insertText,false,false,false,false,false,431,431
136439,up,d,KeyD,false,false,false,false,false,431,431
136680,down,u,KeyU,false,false,false,false,false,431,431
136682,input,"u",insertText,false,false,false,false,false,432,432
136757,up,u,KeyU,false,false,false,false,false,432,432
136781,down,s,KeyS,false,false,false,false,false,432,432
136784,input,"s",insertText,false,false,false,false,false,433,433
136865,up,s,KeyS,false,false,false,false,false,433,433
136949,down,t,KeyT,false,false,false,false,false,433,433
136952,input,"t",insertText,false,false,false,false,false,434,434
137026,up,t,KeyT,false,false,false,false,false,434,434
137073,down,y,KeyY,false,false,false,false,false,434,434
137075,input,"y",insertText,false,false,false,false,false,435,435
137123,up,y,KeyY,false,false,false,false,false,435,435
137405,down,",",Comma,false,false,false,false,false,435,435
137408,input,",",insertText,false,false,false,false,false,436,436
137407,down,.,Period,false,false,false,false,false,436,436
137423,input,".",insertText,false,false,false,false,false,437,437
137452,up,",",Comma,false,false,false,false,false,437,437
137458,up,.,Period,false,false,false,false,false,437,437
137546,down," ",Space,false,false,false,false,false,437,437
137548,input," ",insertText,false,false,false,false,false,438,438
137627,up," ",Space,false,false,false,false,false,438,438
137952,down,Backspace,Backspace,false,false,false,false,false,438,438
137955,input,"",deleteContentBackward,false,false,false,false,false,437,437
138008,up,Backspace,Backspace,false,false,false,false,false,437,437
138090,down,Backspace,Backspace,false,false,false,false,false,437,437
138093,input,"",deleteContentBackward,false,false,false,false,false,436,436
138144,up,Backspace,Backspace,false,false,false,false,false,436,436
138237,down,Backspace,Backspace,false,false,false,false,false,436,436
138239,input,"",deleteContentBackward,false,false,false,false,false,435,435
138277,up,Backspace,Backspace,false,false,false,false,false,435,435
138522,down,.,Period,false,false,false,false,false,435,435
138525,input,".",insertText,false,false,false,false,false,436,436
138584,up,.,Period,false,false,false,false,false,436,436
138862,down," ",Space,false,false,false,false,false,436,436
138864,input," ",insertText,false,false,false,false,false,437,437
138914,up," ",Space,false,false,false,false,false,437,437
140052,down,Shift,ShiftLeft,false,false,false,true,false,437,437
140145,down,T,KeyT,false,false,false,true,false,437,437
140148,input,"T",insertText,false,false,false,false,false,438,438
140222,up,T,KeyT,false,false,false,true,false,438,438
140233,up,Shift,ShiftLeft,false,false,false,false,false,438,438
140275,down,h,KeyH,false,false,false,false,false,438,438
140277,input,"h",insertText,false,false,false,false,false,439,439
140411,up,h,KeyH,false,false,false,false,false,439,439
140449,down,e,KeyE,false,false,false,false,false,439,439
140451,input,"e",insertText,false,false,false,false,false,440,440
140532,up,e,KeyE,false,false,false,false,false,440,440
140615,down,n,KeyN,false,false,false,false,false,440,440
140618,input,"n",insertText,false,false,false,false,false,441,441
140733,up,n,KeyN,false,false,false,false,false,441,441
140890,down,",",Comma,false,false,false,false,false,441,441
140894,input,",",insertText,false,false,false,false,false,442,442
140968,up,",",Comma,false,false,false,false,false,442,442
141044,down," ",Space,false,false,false,false,false,442,442
141046,input," ",insertText,false,false,false,false,false,443,443
141144,up," ",Space,false,false,false,false,false,443,443
141413,down,a,KeyA,false,false,false,false,false,443,443
141415,input,"a",insertText,false,false,false,false,false,444,444
141508,up,a,KeyA,false,false,false,false,false,444,444
141644,down,d,KeyD,false,false,false,false,false,444,444
141646,input,"d",insertText,false,false,false,false,false,445,445
141710,up,d,KeyD,false,false,false,false,false,445,445
141818,down,d,KeyD,false,false,false,false,false,445,445
141822,input,"d",insertText,false,false,false,false,false,446,446
141879,up,d,KeyD,false,false,false,false,false,446,446
142423,down," ",Space,false,false,false,false,false,446,446
142426,input," ",insertText,false,false,false,false,false,447,447
142494,up," ",Space,false,false,false,false,false,447,447
143728,down,c,KeyC,false,false,false,false,false,447,447
143732,input,"c",insertText,false,false,false,false,false,448,448
143826,up,c,KeyC,false,false,false,false,false,448,448
144000,down,h,KeyH,false,false,false,false,false,448,448
144002,input,"h",insertText,false,false,false,false,false,449,449
144112,down,o,KeyO,false,false,false,false,false,449,449
144114,input,"o",insertText,false,false,false,false,false,450,450
144160,up,h,KeyH,false,false,false,false,false,450,450
144204,up,o,KeyO,false,false,false,false,false,450,450
144340,down,p,KeyP,false,false,false,false,false,450,450
144343,input,"p",insertText,false,false,false,false,false,451,451
144397,up,p,KeyP,false,false,false,false,false,451,451
144467,down,p,KeyP,false,false,false,false,false,451,451
144472,input,"p",insertText,false,false,false,false,false,452,452
144544,up,p,KeyP,false,false,false,false,false,452,452
144564,down,e,KeyE,false,false,false,false,false,452,452
144567,input,"e",insertText,false,false,false,false,false,453,453
144606,up,e,KeyE,false,false,false,false,false,453,453
144721,down,d,KeyD,false,false,false,false,false,453,453
144722,input,"d",insertText,false,false,false,false,false,454,454
144824,up,d,KeyD,false,false,false,false,false,454,454
144845,down," ",Space,false,false,false,false,false,454,454
144847,input," ",insertText,false,false,false,false,false,455,455
144941,up," ",Space,false,false,false,false,false,455,455
144957,down,c,KeyC,false,false,false,false,false,455,455
144959,input,"c",insertText,false,false,false,false,false,456,456
145040,up,c,KeyC,false,false,false,false,false,456,456
145080,down,a,KeyA,false,false,false,false,false,456,456
145083,input,"a",insertText,false,false,false,false,false,457,457
145216,up,a,KeyA,false,false,false,false,false,457,457
145330,down,Backspace,Backspace,false,false,false,false,false,457,457
145332,input,"",deleteContentBackward,false,false,false,false,false,456,456
145377,up,Backspace,Backspace,false,false,false,false,false,456,456
145452,down,Backspace,Backspace,false,false,false,false,false,456,456
145455,input,"",deleteContentBackward,false,false,false,false,false,455,455
145498,down,g,KeyG,false,false,false,false,false,455,455
145500,input,"g",insertText,false,false,false,false,false,456,456
145535,up,Backspace,Backspace,false,false,false,false,false,456,456
145579,up,g,KeyG,false,false,false,false,false,456,456
145600,down,a,KeyA,false,false,false,false,false,456,456
145602,input,"a",insertText,false,false,false,false,false,457,457
145697,down,r,KeyR,false,false,false,false,false,457,457
145700,input,"r",insertText,false,false,false,false,false,458,458
145765,up,a,KeyA,false,false,false,false,false,458,458
145805,up,r,KeyR,false,false,false,false,false,458,458
145833,down,l,KeyL,false,false,false,false,false,458,458
145836,input,"l",insertText,false,false,false,false,false,459,459
145954,up,l,KeyL,false,false,false,false,false,459,459
146070,down,i,KeyI,false,false,false,false,false,459,459
146073,input,"i",insertText,false,false,false,false,false,460,460
146272,up,i,KeyI,false,false,false,false,false,460,460
146428,down,c,KeyC,false,false,false,false,false,460,460
146430,input,"c",insertText,false,false,false,false,false,461,461
146518,up,c,KeyC,false,false,false,false,false,461,461
146624,down," ",Space,false,false,false,false,false,461,461
146627,input," ",insertText,false,false,false,false,false,462,462
146766,down,t,KeyT,false,false,false,false,false,462,462
146768,input,"t",insertText,false,false,false,false,false,463,463
146775,up," ",Space,false,false,false,false,false,463,463
146853,down,o,KeyO,false,false,false,false,false,463,463
146854,input,"o",insertText,false,false,false,false,false,464,464
146867,up,t,KeyT,false,false,false,false,false,464,464
146908,up,o,KeyO,false,false,false,false,false,464,464
146923,down," ",Space,false,false,false,false,false,464,464
146925,input," ",insertText,false,false,false,false,false,465,465
147009,down,t,KeyT,false,false,false,false,false,465,465
147012,input,"t",insertText,false,false,false,false,false,466,466
147047,up," ",Space,false,false,false,false,false,466,466
147062,up,t,KeyT,false,false,false,false,false,466,466
147105,down,h,KeyH,false,false,false,false,false,466,466
147108,input,"h",insertText,false,false,false,false,false,467,467
147147,up,h,KeyH,false,false,false,false,false,467,467
147189,down,e,KeyE,false,false,false,false,false,467,467
147190,input,"e",insertText,false,false,false,false,false,468,468
147262,up,e,KeyE,false,false,false,false,false,468,468
147327,down," ",Space,false,false,false,false,false,468,468
147329,input," ",insertText,false,false,false,false,false,469,469
147389,up," ",Space,false,false,false,false,false,469,469
149017,down,o,KeyO,false,false,false,false,false,469,469
149022,input,"o",insertText,false,false,false,false,false,470,470
149097,up,o,KeyO,false,false,false,false,false,470,470
149211,down,n,KeyN,false,false,false,false,false,470,470
149214,input,"n",insertText,false,false,false,false,false,471,471
149321,down,i,KeyI,false,false,false,false,false,471,471
149323,input,"i",insertText,false,false,false,false,false,472,472
149363,up,n,KeyN,false,false,false,false,false,472,472
149398,down,o,KeyO,false,false,false,false,false,472,472
149400,input,"o",insertText,false,false,false,false,false,473,473
149454,up,i,KeyI,false,false,false,false,false,473,473
149508,up,o,KeyO,false,false,false,false,false,473,473
149633,down,n,KeyN,false,false,false,false,false,473,473
149637,input,"n",insertText,false,false,false,false,false,474,474
149722,up,n,KeyN,false,false,false,false,false,474,474
150281,down,s,KeyS,false,false,false,false,false,474,474
150284,input,"s",insertText,false,false,false,false,false,475,475
150333,up,s,KeyS,false,false,false,false,false,475,475
150778,down,.,Period,false,false,false,false,false,475,475
150780,input,".",insertText,false,false,false,false,false,476,476
150867,up,.,Period,false,false,false,false,false,476,476
150931,down," ",Space,false,false,false,false,false,476,476
150933,input," ",insertText,false,false,false,false,false,477,477
151011,up," ",Space,false,false,false,false,false,477,477
151040,down,Shift,ShiftLeft,false,false,false,true,false,477,477
151157,down,A,KeyA,false,false,false,true,false,477,477
151159,input,"A",insertText,false,false,false,false,false,478,478
151203,up,Shift,ShiftLeft,false,false,false,false,false,478,478
151309,up,a,KeyA,false,false,false,false,false,478,478
151455,down,f,KeyF,false,false,false,false,false,478,478
151457,input,"f",insertText,false,false,false,false,false,479,479
151550,up,f,KeyF,false,false,false,false,false,479,479
151634,down,t,KeyT,false,false,false,false,false,479,479
151638,input,"t",insertText,false,false,false,false,false,480,480
151711,up,t,KeyT,false,false,false,false,false,480,480
151764,down,e,KeyE,false,false,false,false,false,480,480
151767,input,"e",insertText,false,false,false,false,false,481,481
151867,down,r,KeyR,false,false,false,false,false,481,481
151872,input,"r",insertText,false,false,false,false,false,482,482
151909,up,e,KeyE,false,false,false,false,false,482,482
151910,down," ",Space,false,false,false,false,false,482,482
151921,input," ",insertText,false,false,false,false,false,483,483
151947,up,r,KeyR,false,false,false,false,false,483,483
152012,up," ",Space,false,false,false,false,false,483,483
152069,down,5,Digit5,false,false,false,false,false,483,483
152071,input,"5",insertText,false,false,false,false,false,484,484
152145,up,5,Digit5,false,false,false,false,false,484,484
152728,down," ",Space,false,false,false,false,false,484,484
152731,input," ",insertText,false,false,false,false,false,485,485
152799,up," ",Space,false,false,false,false,false,485,485
152890,down,m,KeyM,false,false,false,false,false,485,485
152893,input,"m",insertText,false,false,false,false,false,486,486
152964,down,o,KeyO,false,false,false,false,false,486,486
152966,input,"o",insertText,false,false,false,false,false,487,487
153003,down,r,KeyR,false,false,false,false,false,487,487
153005,input,"r",insertText,false,false,false,false,false,488,488
153016,up,m,KeyM,false,false,false,false,false,488,488
153061,up,o,KeyO,false,false,false,false,false,488,488
153085,down,e,KeyE,false,false,false,false,false,488,488
153087,input,"e",insertText,false,false,false,false,false,489,489
153138,up,r,KeyR,false,false,false,false,false,489,489
153173,down," ",Space,false,false,false,false,false,489,489
153176,input," ",insertText,false,false,false,false,false,490,490
153208,up,e,KeyE,false,false,false,false,false,490,490
153259,up," ",Space,false,false,false,false,false,490,490
153268,down,m,KeyM,false,false,false,false,false,490,490
153271,input,"m",insertText,false,false,false,false,false,491,491
153366,down,i,KeyI,false,false,false,false,false,491,491
153369,input,"i",insertText,false,false,false,false,false,492,492
153415,up,m,KeyM,false,false,false,false,false,492,492
153505,up,i,KeyI,false,false,false,false,false,492,492
153506,down,n,KeyN,false,false,false,false,false,492,492
153522,input,"n",insertText,false,false,false,false,false,493,493
153573,up,n,KeyN,false,false,false,false,false,493,493
153592,down,u,KeyU,false,false,false,false,false,493,493
153594,input,"u",insertText,false,false,false,false,false,494,494
153674,down,t,KeyT,false,false,false,false,false,494,494
153676,input,"t",insertText,false,false,false,false,false,495,495
153675,up,u,KeyU,false,false,false,false,false,495,495
153764,up,t,KeyT,false,false,false,false,false,495,495
153773,down,e,KeyE,false,false,false,false,false,495,495
153775,input,"e",insertText,false,false,false,false,false,496,496
153835,down,s,KeyS,false,false,false,false,false,496,496
153838,input,"s",insertText,false,false,false,false,false,497,497
153881,up,e,KeyE,false,false,false,false,false,497,497
153909,up,s,KeyS,false,false,false,false,false,497,497
153971,down,",",Comma,false,false,false,false,false,497,497
153974,input,",",insertText,false,false,false,false,false,498,498
154043,up,",",Comma,false,false,false,false,false,498,498
154064,down," ",Space,false,false,false,false,false,498,498
154067,input," ",insertText,false,false,false,false,false,499,499
154120,down,a,KeyA,false,false,false,false,false,499,499
154122,input,"a",insertText,false,false,false,false,false,500,500
154200,up," ",Space,false,false,false,false,false,500,500
154215,up,a,KeyA,false,false,false,false,false,500,500
154265,down,d,KeyD,false,false,false,false,false,500,500
154269,input,"d",insertText,false,false,false,false,false,501,501
154320,up,d,KeyD,false,false,false,false,false,501,501
154432,down,d,KeyD,false,false,false,false,false,501,501
154436,input,"d",insertText,false,false,false,false,false,502,502
154477,up,d,KeyD,false,false,false,false,false,502,502
155256,down," ",Space,false,false,false,false,false,502,502
155259,input," ",insertText,false,false,false,false,false,503,503
155380,down,a,KeyA,false,false,false,false,false,503,503
155382,input,"a",insertText,false,false,false,false,false,504,504
155406,up," ",Space,false,false,false,false,false,504,504
155516,up,a,KeyA,false,false,false,false,false,504,504
155517,down," ",Space,false,false,false,false,false,504,504
155521,input," ",insertText,false,false,false,false,false,505,505
155631,down,t,KeyT,false,false,false,false,false,505,505
155633,input,"t",insertText,false,false,false,false,false,506,506
155646,up," ",Space,false,false,false,false,false,506,506
155711,down,a,KeyA,false,false,false,false,false,506,506
155713,input,"a",insertText,false,false,false,false,false,507,507
155760,up,t,KeyT,false,false,false,false,false,507,507
155805,up,a,KeyA,false,false,false,false,false,507,507
155838,down,b,KeyB,false,false,false,false,false,507,507
155840,input,"b",insertText,false,false,false,false,false,508,508
156101,up,b,KeyB,false,false,false,false,false,508,508
156187,down,l,KeyL,false,false,false,false,false,508,508
156190,input,"l",insertText,false,false,false,false,false,509,509
156265,down,e,KeyE,false,false,false,false,false,509,509
156268,input,"e",insertText,false,false,false,false,false,510,510
156333,up,l,KeyL,false,false,false,false,false,510,510
156395,up,e,KeyE,false,false,false,false,false,510,510
156602,down,s,KeyS,false,false,false,false,false,510,510
156605,input,"s",insertText,false,false,false,false,false,511,511
156688,up,s,KeyS,false,false,false,false,false,511,511
156723,down,p,KeyP,false,false,false,false,false,511,511
156725,input,"p",insertText,false,false,false,false,false,512,512
156782,up,p,KeyP,false,false,false,false,false,512,512
157140,down,o,KeyO,false,false,false,false,false,512,512
157143,input,"o",insertText,false,false,false,false,false,513,513
157222,up,o,KeyO,false,false,false,false,false,513,513
157319,down,o,KeyO,false,false,false,false,false,513,513
157322,input,"o",insertText,false,false,false,false,false,514,514
157442,up,o,KeyO,false,false,false,false,false,514,514
157443,down,n,KeyN,false,false,false,false,false,514,514
157454,input,"n",insertText,false,false,false,false,false,515,515
157530,up,n,KeyN,false,false,false,false,false,515,515
157572,down," ",Space,false,false,false,false,false,515,515
157574,input," ",insertText,false,false,false,false,false,516,516
157634,down,e,KeyE,false,false,false,false,false,516,516
157638,input,"e",insertText,false,false,false,false,false,517,517
157684,up," ",Space,false,false,false,false,false,517,517
157713,down,a,KeyA,false,false,false,false,false,517,517
157715,input,"a",insertText,false,false,false,false,false,518,518
157760,up,e,KeyE,false,false,false,false,false,518,518
157793,up,a,KeyA,false,false,false,false,false,518,518
157858,down,c,KeyC,false,false,false,false,false,518,518
157860,input,"c",insertText,false,false,false,false,false,519,519
157956,up,c,KeyC,false,false,false,false,false,519,519
157965,down,h,KeyH,false,false,false,false,false,519,519
157971,input,"h",insertText,false,false,false,false,false,520,520
158017,up,h,KeyH,false,false,false,false,false,520,520
158071,down," ",Space,false,false,false,false,false,520,520
158073,input," ",insertText,false,false,false,false,false,521,521
158170,down,o,KeyO,false,false,false,false,false,521,521
158173,input,"o",insertText,false,false,false,false,false,522,522
158171,up," ",Space,false,false,false,false,false,522,522
158215,up,o,KeyO,false,false,false,false,false,522,522
158256,down,f,KeyF,false,false,false,false,false,522,522
158258,input,"f",insertText,false,false,false,false,false,523,523
158331,down," ",Space,false,false,false,false,false,523,523
158334,input," ",insertText,false,false,false,false,false,524,524
158356,up,f,KeyF,false,false,false,false,false,524,524
158404,up," ",Space,false,false,false,false,false,524,524
160479,down,c,KeyC,false,false,false,false,false,524,524
160481,input,"c",insertText,false,false,false,false,false,525,525
160578,down,u,KeyU,false,false,false,false,false,525,525
160581,input,"u",insertText,false,false,false,false,false,526,526
160578,up,c,KeyC,false,false,false,false,false,526,526
160637,up,u,KeyU,false,false,false,false,false,526,526
160781,down,m,KeyM,false,false,false,false,false,526,526
160784,input,"m",insertText,false,false,false,false,false,527,527
160864,up,m,KeyM,false,false,false,false,false,527,527
160992,down,i,KeyI,false,false,false,false,false,527,527
160994,input,"i",insertText,false,false,false,false,false,528,528
161045,up,i,KeyI,false,false,false,false,false,528,528
161975,down,Backspace,Backspace,false,false,false,false,false,528,528
161977,input,"",deleteContentBackward,false,false,false,false,false,527,527
162031,up,Backspace,Backspace,false,false,false,false,false,527,527
162107,down,Backspace,Backspace,false,false,false,false,false,527,527
162111,input,"",deleteContentBackward,false,false,false,false,false,526,526
162165,up,Backspace,Backspace,false,false,false,false,false,526,526
162267,down,Backspace,Backspace,false,false,false,false,false,526,526
162271,input,"",deleteContentBackward,false,false,false,false,false,525,525
162337,up,Backspace,Backspace,false,false,false,false,false,525,525
162669,down,Backspace,Backspace,false,false,false,false,false,525,525
162672,input,"",deleteContentBackward,false,false,false,false,false,524,524
162715,up,Backspace,Backspace,false,false,false,false,false,524,524
163777,down,t,KeyT,false,false,false,false,false,524,524
163780,input,"t",insertText,false,false,false,false,false,525,525
163870,up,t,KeyT,false,false,false,false,false,525,525
163879,down,u,KeyU,false,false,false,false,false,525,525
163887,input,"u",insertText,false,false,false,false,false,526,526
163956,up,u,KeyU,false,false,false,false,false,526,526
164059,down,m,KeyM,false,false,false,false,false,526,526
164062,input,"m",insertText,false,false,false,false,false,527,527
164145,down,e,KeyE,false,false,false,false,false,527,527
164147,input,"e",insertText,false,false,false,false,false,528,528
164212,up,m,KeyM,false,false,false,false,false,528,528
164254,down,r,KeyR,false,false,false,false,false,528,528
164258,input,"r",insertText,false,false,false,false,false,529,529
164293,up,e,KeyE,false,false,false,false,false,529,529
164361,up,r,KeyR,false,false,false,false,false,529,529
164374,down,i,KeyI,false,false,false,false,false,529,529
164376,input,"i",insertText,false,false,false,false,false,530,530
164520,up,i,KeyI,false,false,false,false,false,530,530
164661,down,k,KeyK,false,false,false,false,false,530,530
164664,input,"k",insertText,false,false,false,false,false,531,531
164691,up,k,KeyK,false,false,false,false,false,531,531
164963,down,Backspace,Backspace,false,false,false,false,false,531,531
164965,input,"",deleteContentBackward,false,false,false,false,false,530,530
165005,down,c,KeyC,false,false,false,false,false,530,530
165007,input,"c",insertText,false,false,false,false,false,531,531
165012,up,Backspace,Backspace,false,false,false,false,false,531,531
165081,up,c,KeyC,false,false,false,false,false,531,531
165256,down,",",Comma,false,false,false,false,false,531,531
165259,input,",",insertText,false,false,false,false,false,532,532
165303,up,",",Comma,false,false,false,false,false,532,532
165407,down," ",Space,false,false,false,false,false,532,532
165410,input," ",insertText,false,false,false,false,false,533,533
165475,up," ",Space,false,false,false,false,false,533,533
167785,down,c,KeyC,false,false,false,false,false,533,533
167789,input,"c",insertText,false,false,false,false,false,534,534
167870,up,c,KeyC,false,false,false,false,false,534,534
167980,down,r,KeyR,false,false,false,false,false,534,534
167983,input,"r",insertText,false,false,false,false,false,535,535
168053,down,u,KeyU,false,false,false,false,false,535,535
168056,input,"u",insertText,false,false,false,false,false,536,536
168064,up,r,KeyR,false,false,false,false,false,536,536
168119,up,u,KeyU,false,false,false,false,false,536,536
168159,down,s,KeyS,false,false,false,false,false,536,536
168162,input,"s",insertText,false,false,false,false,false,537,537
168249,up,s,KeyS,false,false,false,false,false,537,537
168414,down,h,KeyH,false,false,false,false,false,537,537
168416,input,"h",insertText,false,false,false,false,false,538,538
168494,up,h,KeyH,false,false,false,false,false,538,538
168529,down,e,KeyE,false,false,false,false,false,538,538
168531,input,"e",insertText,false,false,false,false,false,539,539
168600,up,e,KeyE,false,false,false,false,false,539,539
168733,down,d,KeyD,false,false,false,false,false,539,539
168735,input,"d",insertText,false,false,false,false,false,540,540
168843,up,d,KeyD,false,false,false,false,false,540,540
168855,down," ",Space,false,false,false,false,false,540,540
168857,input," ",insertText,false,false,false,false,false,541,541
168983,down,r,KeyR,false,false,false,false,false,541,541
168986,input,"r",insertText,false,false,false,false,false,542,542
169023,up," ",Space,false,false,false,false,false,542,542
169090,down,e,KeyE,false,false,false,false,false,542,542
169093,input,"e",insertText,false,false,false,false,false,543,543
169131,up,r,KeyR,false,false,false,false,false,543,543
169240,up,e,KeyE,false,false,false,false,false,543,543
169578,down,d,KeyD,false,false,false,false,false,543,543
169582,input,"d",insertText,false,false,false,false,false,544,544
169672,up,d,KeyD,false,false,false,false,false,544,544
169733,down," ",Space,false,false,false,false,false,544,544
169738,input," ",insertText,false,false,false,false,false,545,545
169843,up," ",Space,false,false,false,false,false,545,545
169886,down,p,KeyP,false,false,false,false,false,545,545
169887,input,"p",insertText,false,false,false,false,false,546,546
169963,up,p,KeyP,false,false,false,false,false,546,546
170071,down,u,KeyU,false,false,false,false,false,546,546
170074,input,"u",insertText,false,false,false,false,false,547,547
170115,up,u,KeyU,false,false,false,false,false,547,547
170387,down,Backspace,Backspace,false,false,false,false,false,547,547
170390,input,"",deleteContentBackward,false,false,false,false,false,546,546
170448,up,Backspace,Backspace,false,false,false,false,false,546,546
170582,down,p,KeyP,false,false,false,false,false,546,546
170585,input,"p",insertText,false,false,false,false,false,547,547
170686,up,p,KeyP,false,false,false,false,false,547,547
170715,down,e,KeyE,false,false,false,false,false,547,547
170718,input,"e",insertText,false,false,false,false,false,548,548
170792,up,e,KeyE,false,false,false,false,false,548,548
170812,down,p,KeyP,false,false,false,false,false,548,548
170815,input,"p",insertText,false,false,false,false,false,549,549
170909,down,e,KeyE,false,false,false,false,false,549,549
170912,input,"e",insertText,false,false,false,false,false,550,550
170911,up,p,KeyP,false,false,false,false,false,550,550
171017,up,e,KeyE,false,false,false,false,false,550,550
171144,down,Backspace,Backspace,false,false,false,false,false,550,550
171147,input,"",deleteContentBackward,false,false,false,false,false,549,549
171199,up,Backspace,Backspace,false,false,false,false,false,549,549
171280,down,Backspace,Backspace,false,false,false,false,false,549,549
171283,input,"",deleteContentBackward,false,false,false,false,false,548,548
171339,up,Backspace,Backspace,false,false,false,false,false,548,548
171415,down,Backspace,Backspace,false,false,false,false,false,548,548
171418,input,"",deleteContentBackward,false,false,false,false,false,547,547
171472,up,Backspace,Backspace,false,false,false,false,false,547,547
171537,down,Backspace,Backspace,false,false,false,false,false,547,547
171539,input,"",deleteContentBackward,false,false,false,false,false,546,546
171605,up,Backspace,Backspace,false,false,false,false,false,546,546
171667,down,e,KeyE,false,false,false,false,false,546,546
171669,input,"e",insertText,false,false,false,false,false,547,547
171750,up,e,KeyE,false,false,false,false,false,547,547
171793,down,p,KeyP,false,false,false,false,false,547,547
171796,input,"p",insertText,false,false,false,false,false,548,548
171871,up,p,KeyP,false,false,false,false,false,548,548
171906,down,e,KeyE,false,false,false,false,false,548,548
171908,input,"e",insertText,false,false,false,false,false,549,549
171989,down,r,KeyR,false,false,false,false,false,549,549
171991,input,"r",insertText,false,false,false,false,false,550,550
172008,up,e,KeyE,false,false,false,false,false,550,550
172100,down,s,KeyS,false,false,false,false,false,550,550
172105,input,"s",insertText,false,false,false,false,false,551,551
172147,up,r,KeyR,false,false,false,false,false,551,551
172183,up,s,KeyS,false,false,false,false,false,551,551
172599,down,Backspace,Backspace,false,false,false,false,false,551,551
172602,input,"",deleteContentBackward,false,false,false,false,false,550,550
172659,up,Backspace,Backspace,false,false,false,false,false,550,550
172739,down,Backspace,Backspace,false,false,false,false,false,550,550
172741,input,"",deleteContentBackward,false,false,false,false,false,549,549
172795,up,Backspace,Backspace,false,false,false,false,false,549,549
172866,down,Backspace,Backspace,false,false,false,false,false,549,549
172868,input,"",deleteContentBackward,false,false,false,false,false,548,548
172919,up,Backspace,Backspace,false,false,false,false,false,548,548
173045,down,p,KeyP,false,false,false,false,false,548,548
173047,input,"p",insertText,false,false,false,false,false,549,549
173123,down,e,KeyE,false,false,false,false,false,549,549
173124,input,"e",insertText,false,false,false,false,false,550,550
173123,up,p,KeyP,false,false,false,false,false,550,550
173191,down,r,KeyR,false,false,false,false,false,550,550
173194,input,"r",insertText,false,false,false,false,false,551,551
173238,up,e,KeyE,false,false,false,false,false,551,551
173277,down,s,KeyS,false,false,false,false,false,551,551
173278,input,"s",insertText,false,false,false,false,false,552,552
173362,up,r,KeyR,false,false,false,false,false,552,552
173386,up,s,KeyS,false,false,false,false,false,552,552
173489,down,",",Comma,false,false,false,false,false,552,552
173489,input,",",insertText,false,false,false,false,false,553,553
173531,up,",",Comma,false,false,false,false,false,553,553
173702,down," ",Space,false,false,false,false,false,553,553
173705,input," ",insertText,false,false,false,false,false,554,554
173741,up," ",Space,false,false,false,false,false,554,554
177112,down,a,KeyA,false,false,false,false,false,554,554
177115,input,"a",insertText,false,false,false,false,false,555,555
177229,up,a,KeyA,false,false,false,false,false,555,555
177242,down,n,KeyN,false,false,false,false,false,555,555
177244,input,"n",insertText,false,false,false,false,false,556,556
177312,down,d,KeyD,false,false,false,false,false,556,556
177315,input,"d",insertText,false,false,false,false,false,557,557
177353,up,n,KeyN,false,false,false,false,false,557,557
177396,down," ",Space,false,false,false,false,false,557,557
177399,input," ",insertText,false,false,false,false,false,558,558
177430,up,d,KeyD,false,false,false,false,false,558,558
177523,up," ",Space,false,false,false,false,false,558,558
177545,down,c,KeyC,false,false,false,false,false,558,558
177547,input,"c",insertText,false,false,false,false,false,559,559
177634,down,a,KeyA,false,false,false,false,false,559,559
177637,input,"a",insertText,false,false,false,false,false,560,560
177676,up,c,KeyC,false,false,false,false,false,560,560
177756,up,a,KeyA,false,false,false,false,false,560,560
177901,down,r,KeyR,false,false,false,false,false,560,560
177905,input,"r",insertText,false,false,false,false,false,561,561
177938,up,r,KeyR,false,false,false,false,false,561,561
178389,down,d,KeyD,false,false,false,false,false,561,561
178391,input,"d",insertText,false,false,false,false,false,562,562
178506,up,d,KeyD,false,false,false,false,false,562,562
178515,down,a,KeyA,false,false,false,false,false,562,562
178521,input,"a",insertText,false,false,false,false,false,563,563
178615,up,a,KeyA,false,false,false,false,false,563,563
178769,down,m,KeyM,false,false,false,false,false,563,563
178770,input,"m",insertText,false,false,false,false,false,564,564
178890,down,o,KeyO,false,false,false,false,false,564,564
178892,input,"o",insertText,false,false,false,false,false,565,565
178943,up,m,KeyM,false,false,false,false,false,565,565
179034,up,o,KeyO,false,false,false,false,false,565,565
179082,down,m,KeyM,false,false,false,false,false,565,565
179086,input,"m",insertText,false,false,false,false,false,566,566
179180,up,m,KeyM,false,false,false,false,false,566,566
179896,down,.,Period,false,false,false,false,false,566,566
179899,input,".",insertText,false,false,false,false,false,567,567
179972,up,.,Period,false,false,false,false,false,567,567
179990,down," ",Space,false,false,false,false,false,567,567
179992,input," ",insertText,false,false,false,false,false,568,568
180073,up," ",Space,false,false,false,false,false,568,568
180085,down,Shift,ShiftLeft,false,false,false,true,false,568,568
180206,down,A,KeyA,false,false,false,true,false,568,568
180208,input,"A",insertText,false,false,false,false,false,569,569
180247,up,Shift,ShiftLeft,false,false,false,false,false,569,569
180277,up,a,KeyA,false,false,false,false,false,569,569
180315,down,l,KeyL,false,false,false,false,false,569,569
180317,input,"l",insertText,false,false,false,false,false,570,570
180377,up,l,KeyL,false,false,false,false,false,570,570
180433,down,s,KeyS,false,false,false,false,false,570,570
180435,input,"s",insertText,false,false,false,false,false,571,571
180433,down,d,KeyD,false,false,false,false,false,571,571
180438,input,"d",insertText,false,false,false,false,false,572,572
180466,up,d,KeyD,false,false,false,false,false,572,572
180473,up,s,KeyS,false,false,false,false,false,572,572
180501,down,o,KeyO,false,false,false,false,false,572,572
180504,input,"o",insertText,false,false,false,false,false,573,573
180596,up,o,KeyO,false,false,false,false,false,573,573
180975,down,Backspace,Backspace,false,false,false,false,false,573,573
180978,input,"",deleteContentBackward,false,false,false,false,false,572,572
181027,up,Backspace,Backspace,false,false,false,false,false,572,572
181105,down,Backspace,Backspace,false,false,false,false,false,572,572
181108,input,"",deleteContentBackward,false,false,false,false,false,571,571
181161,up,Backspace,Backspace,false,false,false,false,false,571,571
181303,down,o,KeyO,false,false,false,false,false,571,571
181306,input,"o",insertText,false,false,false,false,false,572,572
181368,up,o,KeyO,false,false,false,false,false,572,572
181409,down," ",Space,false,false,false,false,false,572,572
181411,input," ",insertText,false,false,false,false,false,573,573
181502,up," ",Space,false,false,false,false,false,573,573
181574,down,a,KeyA,false,false,false,false,false,573,573
181577,input,"a",insertText,false,false,false,false,false,574,574
181678,up,a,KeyA,false,false,false,false,false,574,574
181852,down,d,KeyD,false,false,false,false,false,574,574
181854,input,"d",insertText,false,false,false,false,false,575,575
181914,up,d,KeyD,false,false,false,false,false,575,575
182018,down,d,KeyD,false,false,false,false,false,575,575
182022,input,"d",insertText,false,false,false,false,false,576,576
182086,up,d,KeyD,false,false,false,false,false,576,576
182254,down," ",Space,false,false,false,false,false,576,576
182257,input," ",insertText,false,false,false,false,false,577,577
182378,up," ",Space,false,false,false,false,false,577,577
183164,down,2,Digit2,false,false,false,false,false,577,577
183166,input,"2",insertText,false,false,false,false,false,578,578
183251,up,2,Digit2,false,false,false,false,false,578,578
183252,down,-,Minus,false,false,false,false,false,578,578
183271,input,"-",insertText,false,false,false,false,false,579,579
183330,up,-,Minus,false,false,false,false,false,579,579
183365,down,3,Digit3,false,false,false,false,false,579,579
183366,input,"3",insertText,false,false,false,false,false,580,580
183470,up,3,Digit3,false,false,false,false,false,580,580
183504,down," ",Space,false,false,false,false,false,580,580
183507,input," ",insertText,false,false,false,false,false,581,581
183559,up," ",Space,false,false,false,false,false,581,581
183625,down,t,KeyT,false,false,false,false,false,581,581
183627,input,"t",insertText,false,false,false,false,false,582,582
183730,down,a,KeyA,false,false,false,false,false,582,582
183732,input,"a",insertText,false,false,false,false,false,583,583
183756,up,t,KeyT,false,false,false,false,false,583,583
183805,up,a,KeyA,false,false,false,false,false,583,583
183836,down,b,KeyB,false,false,false,false,false,583,583
183838,input,"b",insertText,false,false,false,false,false,584,584
183939,down,l,KeyL,false,false,false,false,false,584,584
183942,input,"l",insertText,false,false,false,false,false,585,585
183993,up,b,KeyB,false,false,false,false,false,585,585
184058,down,u,KeyU,false,false,false,false,false,585,585
184060,input,"u",insertText,false,false,false,false,false,586,586
184117,down,e,KeyE,false,false,false,false,false,586,586
184118,input,"e",insertText,false,false,false,false,false,587,587
184117,up,l,KeyL,false,false,false,false,false,587,587
184145,up,u,KeyU,false,false,false,false,false,587,587
184198,down,s,KeyS,false,false,false,false,false,587,587
184201,input,"s",insertText,false,false,false,false,false,588,588
184249,up,e,KeyE,false,false,false,false,false,588,588
184310,up,s,KeyS,false,false,false,false,false,588,588
184616,down,Backspace,Backspace,false,false,false,false,false,588,588
184618,input,"",deleteContentBackward,false,false,false,false,false,587,587
184678,up,Backspace,Backspace,false,false,false,false,false,587,587
184752,down,Backspace,Backspace,false,false,false,false,false,587,587
184754,input,"",deleteContentBackward,false,false,false,false,false,586,586
184813,up,Backspace,Backspace,false,false,false,false,false,586,586
184888,down,Backspace,Backspace,false,false,false,false,false,586,586
184890,input,"",deleteContentBackward,false,false,false,false,false,585,585
184965,up,Backspace,Backspace,false,false,false,false,false,585,585
184965,down,e,KeyE,false,false,false,false,false,585,585
184970,input,"e",insertText,false,false,false,false,false,586,586
185059,down,s,KeyS,false,false,false,false,false,586,586
185062,input,"s",insertText,false,false,false,false,false,587,587
185113,up,e,KeyE,false,false,false,false,false,587,587
185153,up,s,KeyS,false,false,false,false,false,587,587
185374,down,o,KeyO,false,false,false,false,false,587,587
185377,input,"o",insertText,false,false,false,false,false,588,588
185425,up,o,KeyO,false,false,false,false,false,588,588
185650,down,Backspace,Backspace,false,false,false,false,false,588,588
185653,input,"",deleteContentBackward,false,false,false,false,false,587,587
185712,up,Backspace,Backspace,false,false,false,false,false,587,587
185839,down,p,KeyP,false,false,false,false,false,587,587
185842,input,"p",insertText,false,false,false,false,false,588,588
185913,up,p,KeyP,false,false,false,false,false,588,588
186014,down,o,KeyO,false,false,false,false,false,588,588
186016,input,"o",insertText,false,false,false,false,false,589,589
186069,up,o,KeyO,false,false,false,false,false,589,589
186141,down,o,KeyO,false,false,false,false,false,589,589
186143,input,"o",insertText,false,false,false,false,false,590,590
186232,up,o,KeyO,false,false,false,false,false,590,590
186280,down,n,KeyN,false,false,false,false,false,590,590
186283,input,"n",insertText,false,false,false,false,false,591,591
186394,down,s,KeyS,false,false,false,false,false,591,591
186397,input,"s",insertText,false,false,false,false,false,592,592
186396,up,n,KeyN,false,false,false,false,false,592,592
186439,down," ",Space,false,false,false,false,false,592,592
186442,input," ",insertText,false,false,false,false,false,593,593
186485,up,s,KeyS,false,false,false,false,false,593,593
186563,down,o,KeyO,false,false,false,false,false,593,593
186565,input,"o",insertText,false,false,false,false,false,594,594
186568,up," ",Space,false,false,false,false,false,594,594
186633,up,o,KeyO,false,false,false,false,false,594,594
186655,down,f,KeyF,false,false,false,false,false,594,594
186656,input,"f",insertText,false,false,false,false,false,595,595
186743,down," ",Space,false,false,false,false,false,595,595
186745,input," ",insertText,false,false,false,false,false,596,596
186773,up,f,KeyF,false,false,false,false,false,596,596
186853,down,h,KeyH,false,false,false,false,false,596,596
186854,input,"h",insertText,false,false,false,false,false,597,597
186854,up," ",Space,false,false,false,false,false,597,597
186944,down,i,KeyI,false,false,false,false,false,597,597
186947,input,"i",insertText,false,false,false,false,false,598,598
186973,up,h,KeyH,false,false,false,false,false,598,598
187036,up,i,KeyI,false,false,false,false,false,598,598
187057,down,g,KeyG,false,false,false,false,false,598,598
187059,input,"g",insertText,false,false,false,false,false,599,599
187105,down,h,KeyH,false,false,false,false,false,599,599
187106,input,"h",insertText,false,false,false,false,false,600,600
187142,up,g,KeyG,false,false,false,false,false,600,600
187161,up,h,KeyH,false,false,false,false,false,600,600
187297,down,-,Minus,false,false,false,false,false,600,600
187300,input,"-",insertText,false,false,false,false,false,601,601
187355,up,-,Minus,false,false,false,false,false,601,601
187488,down,q,KeyQ,false,false,false,false,false,601,601
187491,input,"q",insertText,false,false,false,false,false,602,602
187605,up,q,KeyQ,false,false,false,false,false,602,602
187665,down,u,KeyU,false,false,false,false,false,602,602
187668,input,"u",insertText,false,false,false,false,false,603,603
187720,up,u,KeyU,false,false,false,false,false,603,603
187837,down,a,KeyA,false,false,false,false,false,603,603
187839,input,"a",insertText,false,false,false,false,false,604,604
187926,up,a,KeyA,false,false,false,false,false,604,604
188122,down,l,KeyL,false,false,false,false,false,604,604
188124,input,"l",insertText,false,false,false,false,false,605,605
188245,down,i,KeyI,false,false,false,false,false,605,605
188248,input,"i",insertText,false,false,false,false,false,606,606
188329,up,l,KeyL,false,false,false,false,false,606,606
188339,up,i,KeyI,false,false,false,false,false,606,606
188352,down,t,KeyT,false,false,false,false,false,606,606
188354,input,"t",insertText,false,false,false,false,false,607,607
188435,up,t,KeyT,false,false,false,false,false,607,607
188520,down,y,KeyY,false,false,false,false,false,607,607
188523,input,"y",insertText,false,false,false,false,false,608,608
188589,up,y,KeyY,false,false,false,false,false,608,608
188685,down," ",Space,false,false,false,false,false,608,608
188689,input," ",insertText,false,false,false,false,false,609,609
188707,up," ",Space,false,false,false,false,false,609,609
189624,down,g,KeyG,false,false,false,false,false,609,609
189627,input,"g",insertText,false,false,false,false,false,610,610
189682,up,g,KeyG,false,false,false,false,false,610,610
189753,down,a,KeyA,false,false,false,false,false,610,610
189757,input,"a",insertText,false,false,false,false,false,611,611
189876,down,r,KeyR,false,false,false,false,false,611,611
189878,input,"r",insertText,false,false,false,false,false,612,612
189939,up,a,KeyA,false,false,false,false,false,612,612
190082,up,r,KeyR,false,false,false,false,false,612,612
190229,down,a,KeyA,false,false,false,false,false,612,612
190233,input,"a",insertText,false,false,false,false,false,613,613
190387,up,a,KeyA,false,false,false,false,false,613,613
190406,down,m,KeyM,false,false,false,false,false,613,613
190409,input,"m",insertText,false,false,false,false,false,614,614
190531,up,m,KeyM,false,false,false,false,false,614,614
190588,down," ",Space,false,false,false,false,false,614,614
190591,input," ",insertText,false,false,false,false,false,615,615
190705,up," ",Space,false,false,false,false,false,615,615
190853,down,m,KeyM,false,false,false,false,false,615,615
190856,input,"m",insertText,false,false,false,false,false,616,616
190984,down,a,KeyA,false,false,false,false,false,616,616
190988,input,"a",insertText,false,false,false,false,false,617,617
190985,up,m,KeyM,false,false,false,false,false,617,617
191088,up,a,KeyA,false,false,false,false,false,617,617
191132,down,s,KeyS,false,false,false,false,false,617,617
191134,input,"s",insertText,false,false,false,false,false,618,618
191236,up,s,KeyS,false,false,false,false,false,618,618
191276,down,a,KeyA,false,false,false,false,false,618,618
191278,input,"a",insertText,false,false,false,false,false,619,619
191415,up,a,KeyA,false,false,false,false,false,619,619
191544,down,l,KeyL,false,false,false,false,false,619,619
191546,input,"l",insertText,false,false,false,false,false,620,620
191650,down,a,KeyA,false,false,false,false,false,620,620
191652,input,"a",insertText,false,false,false,false,false,621,621
191697,up,l,KeyL,false,false,false,false,false,621,621
191748,up,a,KeyA,false,false,false,false,false,621,621
191981,down,.,Period,false,false,false,false,false,621,621
191984,input,".",insertText,false,false,false,false,false,622,622
192075,up,.,Period,false,false,false,false,false,622,622
192120,down," ",Space,false,false,false,false,false,622,622
192123,input," ",insertText,false,false,false,false,false,623,623
192184,up," ",Space,false,false,false,false,false,623,623
192234,down,Shift,ShiftLeft,false,false,false,true,false,623,623
192312,down,I,KeyI,false,false,false,true,false,623,623
192314,input,"I",insertText,false,false,false,false,false,624,624
192373,up,Shift,ShiftLeft,false,false,false,false,false,624,624
192382,up,i,KeyI,false,false,false,false,false,624,624
192482,down,t,KeyT,false,false,false,false,false,624,624
192485,input,"t",insertText,false,false,false,false,false,625,625
192551,down," ",Space,false,false,false,false,false,625,625
192554,input," ",insertText,false,false,false,false,false,626,626
192581,up,t,KeyT,false,false,false,false,false,626,626
192645,down,s,KeyS,false,false,false,false,false,626,626
192648,input,"s",insertText,false,false,false,false,false,627,627
192646,up," ",Space,false,false,false,false,false,627,627
192661,down,h,KeyH,false,false,false,false,false,627,627
192674,input,"h",insertText,false,false,false,false,false,628,628
192714,down,o,KeyO,false,false,false,false,false,628,628
192716,input,"o",insertText,false,false,false,false,false,629,629
192730,up,s,KeyS,false,false,false,false,false,629,629
192775,down,u,KeyU,false,false,false,false,false,629,629
192778,input,"u",insertText,false,false,false,false,false,630,630
192819,up,h,KeyH,false,false,false,false,false,630,630
192834,up,o,KeyO,false,false,false,false,false,630,630
192857,up,u,KeyU,false,false,false,false,false,630,630
192934,down,l,KeyL,false,false,false,false,false,630,630
192938,input,"l",insertText,false,false,false,false,false,631,631
193012,up,l,KeyL,false,false,false,false,false,631,631
193053,down,d,KeyD,false,false,false,false,false,631,631
193055,input,"d",insertText,false,false,false,false,false,632,632
193142,down," ",Space,false,false,false,false,false,632,632
193144,input," ",insertText,false,false,false,false,false,633,633
193168,up,d,KeyD,false,false,false,false,false,633,633
193228,up," ",Space,false,false,false,false,false,633,633
193845,down,s,KeyS,false,false,false,false,false,633,633
193848,input,"s",insertText,false,false,false,false,false,634,634
193938,up,s,KeyS,false,false,false,false,false,634,634
193952,down,m,KeyM,false,false,false,false,false,634,634
193955,input,"m",insertText,false,false,false,false,false,635,635
194049,up,m,KeyM,false,false,false,false,false,635,635
194081,down,e,KeyE,false,false,false,false,false,635,635
194083,input,"e",insertText,false,false,false,false,false,636,636
194152,up,e,KeyE,false,false,false,false,false,636,636
194783,down,l,KeyL,false,false,false,false,false,636,636
194789,input,"l",insertText,false,false,false,false,false,637,637
194864,up,l,KeyL,false,false,false,false,false,637,637
194934,down,l,KeyL,false,false,false,false,false,637,637
194938,input,"l",insertText,false,false,false,false,false,638,638
195068,up,l,KeyL,false,false,false,false,false,638,638
195069,down," ",Space,false,false,false,false,false,638,638
195088,input," ",insertText,false,false,false,false,false,639,639
195144,up," ",Space,false,false,false,false,false,639,639
195343,down,a,KeyA,false,false,false,false,false,639,639
195346,input,"a",insertText,false,false,false,false,false,640,640
195470,up,a,KeyA,false,false,false,false,false,640,640
195479,down,m,KeyM,false,false,false,false,false,640,640
195488,input,"m",insertText,false,false,false,false,false,641,641
195579,up,m,KeyM,false,false,false,false,false,641,641
195744,down,a,KeyA,false,false,false,false,false,641,641
195747,input,"a",insertText,false,false,false,false,false,642,642
195838,up,a,KeyA,false,false,false,false,false,642,642
196027,down,z,KeyZ,false,false,false,false,false,642,642
196030,input,"z",insertText,false,false,false,false,false,643,643
196099,up,z,KeyZ,false,false,false,false,false,643,643
196121,down,i,KeyI,false,false,false,false,false,643,643
196123,input,"i",insertText,false,false,false,false,false,644,644
196170,down,n,KeyN,false,false,false,false,false,644,644
196172,input,"n",insertText,false,false,false,false,false,645,645
196198,up,i,KeyI,false,false,false,false,false,645,645
196235,up,n,KeyN,false,false,false,false,false,645,645
196304,down,f,KeyF,false,false,false,false,false,645,645
196308,input,"f",insertText,false,false,false,false,false,646,646
196307,down,g,KeyG,false,false,false,false,false,646,646
196323,input,"g",insertText,false,false,false,false,false,647,647
196343,up,f,KeyF,false,false,false,false,false,647,647
196366,up,g,KeyG,false,false,false,false,false,647,647
196801,down,Backspace,Backspace,false,false,false,false,false,647,647
196804,input,"",deleteContentBackward,false,false,false,false,false,646,646
196853,up,Backspace,Backspace,false,false,false,false,false,646,646
196935,down,Backspace,Backspace,false,false,false,false,false,646,646
196938,input,"",deleteContentBackward,false,false,false,false,false,645,645
196990,up,Backspace,Backspace,false,false,false,false,false,645,645
197026,down,g,KeyG,false,false,false,false,false,645,645
197029,input,"g",insertText,false,false,false,false,false,646,646
197114,up,g,KeyG,false,false,false,false,false,646,646
197192,down,.,Period,false,false,false,false,false,646,646
197194,input,".",insertText,false,false,false,false,false,647,647
197249,up,.,Period,false,false,false,false,false,647,647
197280,down," ",Space,false,false,false,false,false,647,647
197284,input," ",insertText,false,false,false,false,false,648,648
197333,up," ",Space,false,false,false,false,false,648,648
197381,down,Shift,ShiftLeft,false,false,false,true,false,648,648
197464,down,A,KeyA,false,false,false,true,false,648,648
197466,input,"A",insertText,false,false,false,false,false,649,649
197507,up,Shift,ShiftLeft,false,false,false,false,false,649,649
197559,up,a,KeyA,false,false,false,false,false,649,649
197690,down,f,KeyF,false,false,false,false,false,649,649
197693,input,"f",insertText,false,false,false,false,false,650,650
197770,up,f,KeyF,false,false,false,false,false,650,650
197866,down,t,KeyT,false,false,false,false,false,650,650
197869,input,"t",insertText,false,false,false,false,false,651,651
197928,up,t,KeyT,false,false,false,false,false,651,651
198002,down,e,KeyE,false,false,false,false,false,651,651
198005,input,"e",insertText,false,false,false,false,false,652,652
198089,down,r,KeyR,false,false,false,false,false,652,652
198092,input,"r",insertText,false,false,false,false,false,653,653
198114,up,e,KeyE,false,false,false,false,false,653,653
198150,down," ",Space,false,false,false,false,false,653,653
198154,input," ",insertText,false,false,false,false,false,654,654
198203,up,r,KeyR,false,false,false,false,false,654,654
198216,down,a,KeyA,false,false,false,false,false,654,654
198220,input,"a",insertText,false,false,false,false,false,655,655
198241,up," ",Space,false,false,false,false,false,655,655
198365,up,a,KeyA,false,false,false,false,false,655,655
198367,down," ",Space,false,false,false,false,false,655,655
198371,input," ",insertText,false,false,false,false,false,656,656
198448,up," ",Space,false,false,false,false,false,656,656
198507,down,f,KeyF,false,false,false,false,false,656,656
198510,input,"f",insertText,false,false,false,false,false,657,657
198605,down,e,KeyE,false,false,false,false,false,657,657
198608,input,"e",insertText,false,false,false,false,false,658,658
198643,up,f,KeyF,false,false,false,false,false,658,658
198667,down,w,KeyW,false,false,false,false,false,658,658
198671,input,"w",insertText,false,false,false,false,false,659,659
198718,up,e,KeyE,false,false,false,false,false,659,659
198772,up,w,KeyW,false,false,false,false,false,659,659
198774,down," ",Space,false,false,false,false,false,659,659
198788,input," ",insertText,false,false,false,false,false,660,660
198887,up," ",Space,false,false,false,false,false,660,660
199026,down,m,KeyM,false,false,false,false,false,660,660
199028,input,"m",insertText,false,false,false,false,false,661,661
199110,down,o,KeyO,false,false,false,false,false,661,661
199112,input,"o",insertText,false,false,false,false,false,662,662
199178,up,m,KeyM,false,false,false,false,false,662,662
199213,up,o,KeyO,false,false,false,false,false,662,662
199247,down,r,KeyR,false,false,false,false,false,662,662
199251,input,"r",insertText,false,false,false,false,false,663,663
199320,down,e,KeyE,false,false,false,false,false,663,663
199323,input,"e",insertText,false,false,false,false,false,664,664
199388,up,r,KeyR,false,false,false,false,false,664,664
199427,down," ",Space,false,false,false,false,false,664,664
199429,input," ",insertText,false,false,false,false,false,665,665
199456,up,e,KeyE,false,false,false,false,false,665,665
199519,up," ",Space,false,false,false,false,false,665,665
199574,down,m,KeyM,false,false,false,false,false,665,665
199577,input,"m",insertText,false,false,false,false,false,666,666
199681,down,i,KeyI,false,false,false,false,false,666,666
199683,input,"i",insertText,false,false,false,false,false,667,667
199755,up,m,KeyM,false,false,false,false,false,667,667
199841,up,i,KeyI,false,false,false,false,false,667,667
199841,down,n,KeyN,false,false,false,false,false,667,667
199854,input,"n",insertText,false,false,false,false,false,668,668
199933,up,n,KeyN,false,false,false,false,false,668,668
199956,down,u,KeyU,false,false,false,false,false,668,668
199958,input,"u",insertText,false,false,false,false,false,669,669
200039,down,t,KeyT,false,false,false,false,false,669,669
200041,input,"t",insertText,false,false,false,false,false,670,670
200044,up,u,KeyU,false,false,false,false,false,670,670
200141,up,t,KeyT,false,false,false,false,false,670,670
200157,down,e,KeyE,false,false,false,false,false,670,670
200159,input,"e",insertText,false,false,false,false,false,671,671
200218,down,s,KeyS,false,false,false,false,false,671,671
200222,input,"s",insertText,false,false,false,false,false,672,672
200253,up,e,KeyE,false,false,false,false,false,672,672
200302,up,s,KeyS,false,false,false,false,false,672,672
200405,down,",",Comma,false,false,false,false,false,672,672
200408,input,",",insertText,false,false,false,false,false,673,673
200460,up,",",Comma,false,false,false,false,false,673,673
200552,down," ",Space,false,false,false,false,false,673,673
200554,input," ",insertText,false,false,false,false,false,674,674
200609,up," ",Space,false,false,false,false,false,674,674
201145,down,p,KeyP,false,false,false,false,false,674,674
201148,input,"p",insertText,false,false,false,false,false,675,675
201216,up,p,KeyP,false,false,false,false,false,675,675
201592,down,Backspace,Backspace,false,false,false,false,false,675,675
201595,input,"",deleteContentBackward,false,false,false,false,false,674,674
201644,up,Backspace,Backspace,false,false,false,false,false,674,674
201793,down,m,KeyM,false,false,false,false,false,674,674
201796,input,"m",insertText,false,false,false,false,false,675,675
201852,down,i,KeyI,false,false,false,false,false,675,675
201854,input,"i",insertText,false,false,false,false,false,676,676
201910,up,m,KeyM,false,false,false,false,false,676,676
201972,up,i,KeyI,false,false,false,false,false,676,676
201978,down,x,KeyX,false,false,false,false,false,676,676
201987,input,"x",insertText,false,false,false,false,false,677,677
202052,down," ",Space,false,false,false,false,false,677,677
202055,input," ",insertText,false,false,false,false,false,678,678
202090,up,x,KeyX,false,false,false,false,false,678,678
202176,up," ",Space,false,false,false,false,false,678,678
202233,down,i,KeyI,false,false,false,false,false,678,678
202236,input,"i",insertText,false,false,false,false,false,679,679
202289,down,n,KeyN,false,false,false,false,false,679,679
202291,input,"n",insertText,false,false,false,false,false,680,680
202297,up,i,KeyI,false,false,false,false,false,680,680
202359,up,n,KeyN,false,false,false,false,false,680,680
202369,down," ",Space,false,false,false,false,false,680,680
202371,input," ",insertText,false,false,false,false,false,681,681
202478,up," ",Space,false,false,false,false,false,681,681
202560,down,a,KeyA,false,false,false,false,false,681,681
202564,input,"a",insertText,false,false,false,false,false,682,682
202640,down," ",Space,false,false,false,false,false,682,682
202643,input," ",insertText,false,false,false,false,false,683,683
202699,up,a,KeyA,false,false,false,false,false,683,683
202749,up," ",Space,false,false,false,false,false,683,683
203031,down,t,KeyT,false,false,false,false,false,683,683
203034,input,"t",insertText,false,false,false,false,false,684,684
203080,up,t,KeyT,false,false,false,false,false,684,684
203098,down,i,KeyI,false,false,false,false,false,684,684
203101,input,"i",insertText,false,false,false,false,false,685,685
203200,down,n,KeyN,false,false,false,false,false,685,685
203202,input,"n",insertText,false,false,false,false,false,686,686
203237,up,i,KeyI,false,false,false,false,false,686,686
203249,down," ",Space,false,false,false,false,false,686,686
203254,input," ",insertText,false,false,false,false,false,687,687
203290,up,n,KeyN,false,false,false,false,false,687,687
203334,up," ",Space,false,false,false,false,false,687,687
203381,down,o,KeyO,false,false,false,false,false,687,687
203384,input,"o",insertText,false,false,false,false,false,688,688
203442,down,f,KeyF,false,false,false,false,false,688,688
203445,input,"f",insertText,false,false,false,false,false,689,689
203454,up,o,KeyO,false,false,false,false,false,689,689
203542,up,f,KeyF,false,false,false,false,false,689,689
203543,down," ",Space,false,false,false,false,false,689,689
203554,input," ",insertText,false,false,false,false,false,690,690
203659,up," ",Space,false,false,false,false,false,690,690
205710,down,c,KeyC,false,false,false,false,false,690,690
205713,input,"c",insertText,false,false,false,false,false,691,691
205789,down,h,KeyH,false,false,false,false,false,691,691
205791,input,"h",insertText,false,false,false,false,false,692,692
205819,up,c,KeyC,false,false,false,false,false,692,692
205886,down,o,KeyO,false,false,false,false,false,692,692
205890,input,"o",insertText,false,false,false,false,false,693,693
205921,up,h,KeyH,false,false,false,false,false,693,693
205974,up,o,KeyO,false,false,false,false,false,693,693
206076,down,p,KeyP,false,false,false,false,false,693,693
206079,input,"p",insertText,false,false,false,false,false,694,694
206132,up,p,KeyP,false,false,false,false,false,694,694
206203,down,p,KeyP,false,false,false,false,false,694,694
206205,input,"p",insertText,false,false,false,false,false,695,695
206267,down,e,KeyE,false,false,false,false,false,695,695
206271,input,"e",insertText,false,false,false,false,false,696,696
206285,up,p,KeyP,false,false,false,false,false,696,696
206344,up,e,KeyE,false,false,false,false,false,696,696
206438,down,d,KeyD,false,false,false,false,false,696,696
206441,input,"d",insertText,false,false,false,false,false,697,697
206519,down," ",Space,false,false,false,false,false,697,697
206521,input," ",insertText,false,false,false,false,false,698,698
206551,up,d,KeyD,false,false,false,false,false,698,698
206648,up," ",Space,false,false,false,false,false,698,698
206873,down,t,KeyT,false,false,false,false,false,698,698
206876,input,"t",insertText,false,false,false,false,false,699,699
206956,up,t,KeyT,false,false,false,false,false,699,699
206956,down,o,KeyO,false,false,false,false,false,699,699
206959,input,"o",insertText,false,false,false,false,false,700,700
207059,up,o,KeyO,false,false,false,false,false,700,700
207095,down,m,KeyM,false,false,false,false,false,700,700
207097,input,"m",insertText,false,false,false,false,false,701,701
207195,down,a,KeyA,false,false,false,false,false,701,701
207197,input,"a",insertText,false,false,false,false,false,702,702
207223,up,m,KeyM,false,false,false,false,false,702,702
207304,up,a,KeyA,false,false,false,false,false,702,702
207774,down,t,KeyT,false,false,false,false,false,702,702
207776,input,"t",insertText,false,false,false,false,false,703,703
207840,up,t,KeyT,false,false,false,false,false,703,703
207997,down,o,KeyO,false,false,false,false,false,703,703
208000,input,"o",insertText,false,false,false,false,false,704,704
208062,up,o,KeyO,false,false,false,false,false,704,704
208091,down,e,KeyE,false,false,false,false,false,704,704
208093,input,"e",insertText,false,false,false,false,false,705,705
208167,down,s,KeyS,false,false,false,false,false,705,705
208171,input,"s",insertText,false,false,false,false,false,706,706
208213,up,e,KeyE,false,false,false,false,false,706,706
208250,up,s,KeyS,false,false,false,false,false,706,706
209349,down,Backspace,Backspace,false,false,false,false,false,706,706
209351,input,"",deleteContentBackward,false,false,false,false,false,705,705
209410,up,Backspace,Backspace,false,false,false,false,false,705,705
209459,down,Backspace,Backspace,false,false,false,false,false,705,705
209462,input,"",deleteContentBackward,false,false,false,false,false,704,704
209537,up,Backspace,Backspace,false,false,false,false,false,704,704
209562,down,s,KeyS,false,false,false,false,false,704,704
209565,input,"s",insertText,false,false,false,false,false,705,705
209681,up,s,KeyS,false,false,false,false,false,705,705
210568,down,Backspace,Backspace,false,false,false,false,false,705,705
210573,input,"",deleteContentBackward,false,false,false,false,false,704,704
210610,down,e,KeyE,false,false,false,false,false,704,704
210612,input,"e",insertText,false,false,false,false,false,705,705
210622,up,Backspace,Backspace,false,false,false,false,false,705,705
210655,down,s,KeyS,false,false,false,false,false,705,705
210657,input,"s",insertText,false,false,false,false,false,706,706
210692,up,e,KeyE,false,false,false,false,false,706,706
210772,up,s,KeyS,false,false,false,false,false,706,706
210941,down,.,Period,false,false,false,false,false,706,706
210943,input,".",insertText,false,false,false,false,false,707,707
211015,up,.,Period,false,false,false,false,false,707,707
211033,down," ",Space,false,false,false,false,false,707,707
211035,input," ",insertText,false,false,false,false,false,708,708
211116,up," ",Space,false,false,false,false,false,708,708
215391,down,ArrowLeft,ArrowLeft,false,false,false,false,false,708,708
215458,up,ArrowLeft,ArrowLeft,false,false,false,false,false,707,707
215552,down,ArrowLeft,ArrowLeft,false,false,false,false,false,707,707
215611,up,ArrowLeft,ArrowLeft,false,false,false,false,false,706,706
215712,down,ArrowLeft,ArrowLeft,false,false,false,false,false,706,706
215781,up,ArrowLeft,ArrowLeft,false,false,false,false,false,705,705
216127,down,Backspace,Backspace,false,false,false,false,false,705,705
216130,input,"",deleteContentBackward,false,false,false,false,false,704,704
216189,up,Backspace,Backspace,false,false,false,false,false,704,704
216470,down,ArrowRight,ArrowRight,false,false,false,false,false,704,704
216559,up,ArrowRight,ArrowRight,false,false,false,false,false,705,705
216642,down,ArrowRight,ArrowRight,false,false,false,false,false,705,705
216727,up,ArrowRight,ArrowRight,false,false,false,false,false,706,706
218617,down," ",Space,false,false,false,false,false,706,706
218621,input," ",insertText,false,false,false,false,false,707,707
218743,up," ",Space,false,false,false,false,false,707,707
224331,down,Shift,ShiftLeft,false,false,false,true,false,707,707
224413,down,A,KeyA,false,false,false,true,false,707,707
224415,input,"A",insertText,false,false,false,false,false,708,708
224495,up,Shift,ShiftLeft,false,false,false,false,false,708,708
224522,up,a,KeyA,false,false,false,false,false,708,708
224640,down,t,KeyT,false,false,false,false,false,708,708
224642,input,"t",insertText,false,false,false,false,false,709,709
224753,up,t,KeyT,false,false,false,false,false,709,709
224771,down," ",Space,false,false,false,false,false,709,709
224773,input," ",insertText,false,false,false,false,false,710,710
224847,down,t,KeyT,false,false,false,false,false,710,710
224849,input,"t",insertText,false,false,false,false,false,711,711
224903,up," ",Space,false,false,false,false,false,711,711
224943,up,t,KeyT,false,false,false,false,false,711,711
224992,down,h,KeyH,false,false,false,false,false,711,711
224995,input,"h",insertText,false,false,false,false,false,712,712
225051,down,i,KeyI,false,false,false,false,false,712,712
225053,input,"i",insertText,false,false,false,false,false,713,713
225125,up,h,KeyH,false,false,false,false,false,713,713
225154,down,s,KeyS,false,false,false,false,false,713,713
225156,input,"s",insertText,false,false,false,false,false,714,714
225202,up,i,KeyI,false,false,false,false,false,714,714
225247,down," ",Space,false,false,false,false,false,714,714
225249,input," ",insertText,false,false,false,false,false,715,715
225264,up,s,KeyS,false,false,false,false,false,715,715
225334,down,p,KeyP,false,false,false,false,false,715,715
225337,input,"p",insertText,false,false,false,false,false,716,716
225335,up," ",Space,false,false,false,false,false,716,716
225414,up,p,KeyP,false,false,false,false,false,716,716
225556,down,o,KeyO,false,false,false,false,false,716,716
225560,input,"o",insertText,false,false,false,false,false,717,717
225609,down,i,KeyI,false,false,false,false,false,717,717
225611,input,"i",insertText,false,false,false,false,false,718,718
225671,down,n,KeyN,false,false,false,false,false,718,718
225673,input,"n",insertText,false,false,false,false,false,719,719
225690,up,o,KeyO,false,false,false,false,false,719,719
225699,up,i,KeyI,false,false,false,false,false,719,719
225712,down,t,KeyT,false,false,false,false,false,719,719
225720,input,"t",insertText,false,false,false,false,false,720,720
225745,up,n,KeyN,false,false,false,false,false,720,720
225814,up,t,KeyT,false,false,false,false,false,720,720
225836,down,",",Comma,false,false,false,false,false,720,720
225838,input,",",insertText,false,false,false,false,false,721,721
225901,down," ",Space,false,false,false,false,false,721,721
225904,input," ",insertText,false,false,false,false,false,722,722
225926,up,",",Comma,false,false,false,false,false,722,722
225996,down,t,KeyT,false,false,false,false,false,722,722
225998,input,"t",insertText,false,false,false,false,false,723,723
226055,up," ",Space,false,false,false,false,false,723,723
226068,up,t,KeyT,false,false,false,false,false,723,723
226069,down,h,KeyH,false,false,false,false,false,723,723
226087,input,"h",insertText,false,false,false,false,false,724,724
226129,up,h,KeyH,false,false,false,false,false,724,724
226173,down,e,KeyE,false,false,false,false,false,724,724
226175,input,"e",insertText,false,false,false,false,false,725,725
226229,down," ",Space,false,false,false,false,false,725,725
226232,input," ",insertText,false,false,false,false,false,726,726
226273,up,e,KeyE,false,false,false,false,false,726,726
226316,up," ",Space,false,false,false,false,false,726,726
226656,down,l,KeyL,false,false,false,false,false,726,726
226660,input,"l",insertText,false,false,false,false,false,727,727
226729,up,l,KeyL,false,false,false,false,false,727,727
226758,down,e,KeyE,false,false,false,false,false,727,727
226760,input,"e",insertText,false,false,false,false,false,728,728
226810,up,e,KeyE,false,false,false,false,false,728,728
226833,down,n,KeyN,false,false,false,false,false,728,728
226836,input,"n",insertText,false,false,false,false,false,729,729
226912,down,t,KeyT,false,false,false,false,false,729,729
226914,input,"t",insertText,false,false,false,false,false,730,730
226927,up,n,KeyN,false,false,false,false,false,730,730
227007,up,t,KeyT,false,false,false,false,false,730,730
227022,down,i,KeyI,false,false,false,false,false,730,730
227024,input,"i",insertText,false,false,false,false,false,731,731
227092,down,l,KeyL,false,false,false,false,false,731,731
227095,input,"l",insertText,false,false,false,false,false,732,732
227133,up,i,KeyI,false,false,false,false,false,732,732
227175,down,s,KeyS,false,false,false,false,false,732,732
227177,input,"s",insertText,false,false,false,false,false,733,733
227202,up,l,KeyL,false,false,false,false,false,733,733
227299,down," ",Space,false,false,false,false,false,733,733
227301,input," ",insertText,false,false,false,false,false,734,734
227308,up,s,KeyS,false,false,false,false,false,734,734
227390,up," ",Space,false,false,false,false,false,734,734
228026,down,s,KeyS,false,false,false,false,false,734,734
228029,input,"s",insertText,false,false,false,false,false,735,735
228090,down,h,KeyH,false,false,false,false,false,735,735
228093,input,"h",insertText,false,false,false,false,false,736,736
228110,up,s,KeyS,false,false,false,false,false,736,736
228164,down,o,KeyO,false,false,false,false,false,736,736
228167,input,"o",insertText,false,false,false,false,false,737,737
228211,down,u,KeyU,false,false,false,false,false,737,737
228214,input,"u",insertText,false,false,false,false,false,738,738
228233,up,h,KeyH,false,false,false,false,false,738,738
228286,up,o,KeyO,false,false,false,false,false,738,738
228314,up,u,KeyU,false,false,false,false,false,738,738
228524,down,l,KeyL,false,false,false,false,false,738,738
228527,input,"l",insertText,false,false,false,false,false,739,739
228625,up,l,KeyL,false,false,false,false,false,739,739
228693,down,d,KeyD,false,false,false,false,false,739,739
228697,input,"d",insertText,false,false,false,false,false,740,740
228802,down," ",Space,false,false,false,false,false,740,740
228804,input," ",insertText,false,false,false,false,false,741,741
228824,up,d,KeyD,false,false,false,false,false,741,741
228907,down,b,KeyB,false,false,false,false,false,741,741
228910,input,"b",insertText,false,false,false,false,false,742,742
228917,up," ",Space,false,false,false,false,false,742,742
228991,down,e,KeyE,false,false,false,false,false,742,742
228993,input,"e",insertText,false,false,false,false,false,743,743
229000,up,b,KeyB,false,false,false,false,false,743,743
229078,down," ",Space,false,false,false,false,false,743,743
229080,input," ",insertText,false,false,false,false,false,744,744
229136,up,e,KeyE,false,false,false,false,false,744,744
229198,up," ",Space,false,false,false,false,false,744,744
229956,down,s,KeyS,false,false,false,false,false,744,744
229958,input,"s",insertText,false,false,false,false,false,745,745
230047,down,o,KeyO,false,false,false,false,false,745,745
230050,input,"o",insertText,false,false,false,false,false,746,746
230048,up,s,KeyS,false,false,false,false,false,746,746
230139,up,o,KeyO,false,false,false,false,false,746,746
230287,down,w,KeyW,false,false,false,false,false,746,746
230290,input,"w",insertText,false,false,false,false,false,747,747
230429,up,w,KeyW,false,false,false,false,false,747,747
230713,down,Backspace,Backspace,false,false,false,false,false,747,747
230716,input,"",deleteContentBackward,false,false,false,false,false,746,746
230781,up,Backspace,Backspace,false,false,false,false,false,746,746
230796,down,f,KeyF,false,false,false,false,false,746,746
230798,input,"f",insertText,false,false,false,false,false,747,747
230876,up,f,KeyF,false,false,false,false,false,747,747
230983,down,t,KeyT,false,false,false,false,false,747,747
230986,input,"t",insertText,false,false,false,false,false,748,748
231095,down," ",Space,false,false,false,false,false,748,748
231097,input," ",insertText,false,false,false,false,false,749,749
231129,up,t,KeyT,false,false,false,false,false,749,749
231178,down,a,KeyA,false,false,false,false,false,749,749
231180,input,"a",insertText,false,false,false,false,false,750,750
231223,up," ",Space,false,false,false,false,false,750,750
231259,up,a,KeyA,false,false,false,false,false,750,750
231277,down,n,KeyN,false,false,false,false,false,750,750
231279,input,"n",insertText,false,false,false,false,false,751,751
231353,down,d,KeyD,false,false,false,false,false,751,751
231356,input,"d",insertText,false,false,false,false,false,752,752
231359,up,n,KeyN,false,false,false,false,false,752,752
231439,down," ",Space,false,false,false,false,false,752,752
231442,input," ",insertText,false,false,false,false,false,753,753
231459,up,d,KeyD,false,false,false,false,false,753,753
231551,down,m,KeyM,false,false,false,false,false,753,753
231554,input,"m",insertText,false,false,false,false,false,754,754
231557,up," ",Space,false,false,false,false,false,754,754
231610,up,m,KeyM,false,false,false,false,false,754,754
231714,down,u,KeyU,false,false,false,false,false,754,754
231716,input,"u",insertText,false,false,false,false,false,755,755
231808,up,u,KeyU,false,false,false,false,false,755,755
231849,down,s,KeyS,false,false,false,false,false,755,755
231852,input,"s",insertText,false,false,false,false,false,756,756
231947,up,s,KeyS,false,false,false,false,false,756,756
231986,down,h,KeyH,false,false,false,false,false,756,756
231989,input,"h",insertText,false,false,false,false,false,757,757
232039,up,h,KeyH,false,false,false,false,false,757,757
232110,down,y,KeyY,false,false,false,false,false,757,757
232112,input,"y",insertText,false,false,false,false,false,758,758
232154,up,y,KeyY,false,false,false,false,false,758,758
232328,down,.,Period,false,false,false,false,false,758,758
232330,input,".",insertText,false,false,false,false,false,759,759
232393,up,.,Period,false,false,false,false,false,759,759
232429,down," ",Space,false,false,false,false,false,759,759
232431,input," ",insertText,false,false,false,false,false,760,760
232515,up," ",Space,false,false,false,false,false,760,760
232568,down,Shift,ShiftLeft,false,false,false,true,false,760,760
232769,down,A,KeyA,false,false,false,true,false,760,760
232772,input,"A",insertText,false,false,false,false,false,761,761
232829,up,A,KeyA,false,false,false,true,false,761,761
232831,up,Shift,ShiftLeft,false,false,false,false,false,761,761
233715,down,Backspace,Backspace,false,false,false,false,false,761,761
233718,input,"",deleteContentBackward,false,false,false,false,false,760,760
233763,up,Backspace,Backspace,false,false,false,false,false,760,760
234072,down,p,KeyP,false,false,false,false,false,760,760
234076,input,"p",insertText,false,false,false,false,false,761,761
234134,up,p,KeyP,false,false,false,false,false,761,761
234350,down,Backspace,Backspace,false,false,false,false,false,761,761
234354,input,"",deleteContentBackward,false,false,false,false,false,760,760
234397,up,Backspace,Backspace,false,false,false,false,false,760,760
234558,down,m,KeyM,false,false,false,false,false,760,760
234561,input,"m",insertText,false,false,false,false,false,761,761
234642,down,o,KeyO,false,false,false,false,false,761,761
234644,input,"o",insertText,false,false,false,false,false,762,762
234700,up,m,KeyM,false,false,false,false,false,762,762
234765,up,o,KeyO,false,false,false,false,false,762,762
234778,down,r,KeyR,false,false,false,false,false,762,762
234780,input,"r",insertText,false,false,false,false,false,763,763
234960,up,r,KeyR,false,false,false,false,false,763,763
235192,down,Backspace,Backspace,false,false,false,false,false,763,763
235194,input,"",deleteContentBackward,false,false,false,false,false,762,762
235246,up,Backspace,Backspace,false,false,false,false,false,762,762
235322,down,Backspace,Backspace,false,false,false,false,false,762,762
235324,input,"",deleteContentBackward,false,false,false,false,false,761,761
235380,up,Backspace,Backspace,false,false,false,false,false,761,761
235447,down,Backspace,Backspace,false,false,false,false,false,761,761
235450,input,"",deleteContentBackward,false,false,false,false,false,760,760
235513,up,Backspace,Backspace,false,false,false,false,false,760,760
235652,down,p,KeyP,false,false,false,false,false,760,760
235655,input,"p",insertText,false,false,false,false,false,761,761
235716,up,p,KeyP,false,false,false,false,false,761,761
235901,down,Backspace,Backspace,false,false,false,false,false,761,761
235904,input,"",deleteContentBackward,false,false,false,false,false,760,760
235949,up,Backspace,Backspace,false,false,false,false,false,760,760
236020,down,Backspace,Backspace,false,false,false,false,false,760,760
236023,input,"",deleteContentBackward,false,false,false,false,false,759,759
236079,up,Backspace,Backspace,false,false,false,false,false,759,759
236150,down,Backspace,Backspace,false,false,false,false,false,759,759
236155,input,"",deleteContentBackward,false,false,false,false,false,758,758
236231,up,Backspace,Backspace,false,false,false,false,false,758,758
236553,down,.,Period,false,false,false,false,false,758,758
236556,input,".",insertText,false,false,false,false,false,759,759
236612,up,.,Period,false,false,false,false,false,759,759
236691,down," ",Space,false,false,false,false,false,759,759
236694,input," ",insertText,false,false,false,false,false,760,760
236757,up," ",Space,false,false,false,false,false,760,760
236793,down,Shift,ShiftLeft,false,false,false,true,false,760,760
236936,down,P,KeyP,false,false,false,true,false,760,760
236939,input,"P",insertText,false,false,false,false,false,761,761
237007,up,P,KeyP,false,false,false,true,false,761,761
237032,up,Shift,ShiftLeft,false,false,false,false,false,761,761
237137,down,o,KeyO,false,false,false,false,false,761,761
237140,input,"o",insertText,false,false,false,false,false,762,762
237218,down,8,Digit8,false,false,false,false,false,762,762
237221,input,"8",insertText,false,false,false,false,false,763,763
237218,down,u,KeyU,false,false,false,false,false,763,763
237222,input,"u",insertText,false,false,false,false,false,764,764
237220,down,i,KeyI,false,false,false,false,false,764,764
237240,input,"i",insertText,false,false,false,false,false,765,765
237224,up,i,KeyI,false,false,false,false,false,765,765
237247,up,8,Digit8,false,false,false,false,false,765,765
237247,up,o,KeyO,false,false,false,false,false,765,765
237264,down,r,KeyR,false,false,false,false,false,765,765
237274,input,"r",insertText,false,false,false,false,false,766,766
237290,up,u,KeyU,false,false,false,false,false,766,766
237374,up,r,KeyR,false,false,false,false,false,766,766
237374,down," ",Space,false,false,false,false,false,766,766
237387,input," ",insertText,false,false,false,false,false,767,767
237444,down,t,KeyT,false,false,false,false,false,767,767
237446,input,"t",insertText,false,false,false,false,false,768,768
237512,up," ",Space,false,false,false,false,false,768,768
237544,up,t,KeyT,false,false,false,false,false,768,768
237738,down,Backspace,Backspace,false,false,false,false,false,768,768
237740,input,"",deleteContentBackward,false,false,false,false,false,767,767
237794,up,Backspace,Backspace,false,false,false,false,false,767,767
237858,down,Backspace,Backspace,false,false,false,false,false,767,767
237861,input,"",deleteContentBackward,false,false,false,false,false,766,766
237918,up,Backspace,Backspace,false,false,false,false,false,766,766
237983,down,Backspace,Backspace,false,false,false,false,false,766,766
237985,input,"",deleteContentBackward,false,false,false,false,false,765,765
238047,up,Backspace,Backspace,false,false,false,false,false,765,765
238112,down,Backspace,Backspace,false,false,false,false,false,765,765
238113,input,"",deleteContentBackward,false,false,false,false,false,764,764
238183,up,Backspace,Backspace,false,false,false,false,false,764,764
238257,down,Backspace,Backspace,false,false,false,false,false,764,764
238259,input,"",deleteContentBackward,false,false,false,false,false,763,763
238308,up,Backspace,Backspace,false,false,false,false,false,763,763
238369,down,Backspace,Backspace,false,false,false,false,false,763,763
238372,input,"",deleteContentBackward,false,false,false,false,false,762,762
238423,up,Backspace,Backspace,false,false,false,false,false,762,762
238600,down,u,KeyU,false,false,false,false,false,762,762
238604,input,"u",insertText,false,false,false,false,false,763,763
238609,down,i,KeyI,false,false,false,false,false,763,763
238622,input,"i",insertText,false,false,false,false,false,764,764
238622,up,i,KeyI,false,false,false,false,false,764,764
238626,up,u,KeyU,false,false,false,false,false,764,764
238694,down,r,KeyR,false,false,false,false,false,764,764
238697,input,"r",insertText,false,false,false,false,false,765,765
238851,up,r,KeyR,false,false,false,false,false,765,765
238874,down," ",Space,false,false,false,false,false,765,765
238875,input," ",insertText,false,false,false,false,false,766,766
238966,up," ",Space,false,false,false,false,false,766,766
239152,down,Backspace,Backspace,false,false,false,false,false,766,766
239153,input,"",deleteContentBackward,false,false,false,false,false,765,765
239220,up,Backspace,Backspace,false,false,false,false,false,765,765
239282,down,Backspace,Backspace,false,false,false,false,false,765,765
239283,input,"",deleteContentBackward,false,false,false,false,false,764,764
239347,up,Backspace,Backspace,false,false,false,false,false,764,764
239421,down,Backspace,Backspace,false,false,false,false,false,764,764
239423,input,"",deleteContentBackward,false,false,false,false,false,763,763
239484,down,r,KeyR,false,false,false,false,false,763,763
239487,input,"r",insertText,false,false,false,false,false,764,764
239492,up,Backspace,Backspace,false,false,false,false,false,764,764
239578,up,r,KeyR,false,false,false,false,false,764,764
239580,down," ",Space,false,false,false,false,false,764,764
239587,input," ",insertText,false,false,false,false,false,765,765
239641,down,t,KeyT,false,false,false,false,false,765,765
239643,input,"t",insertText,false,false,false,false,false,766,766
239704,down,h,KeyH,false,false,false,false,false,766,766
239706,input,"h",insertText,false,false,false,false,false,767,767
239706,up," ",Space,false,false,false,false,false,767,767
239731,up,t,KeyT,false,false,false,false,false,767,767
239781,up,h,KeyH,false,false,false,false,false,767,767
239816,down,e,KeyE,false,false,false,false,false,767,767
239818,input,"e",insertText,false,false,false,false,false,768,768
239905,up,e,KeyE,false,false,false,false,false,768,768
239916,down,m,KeyM,false,false,false,false,false,768,768
239920,input,"m",insertText,false,false,false,false,false,769,769
239996,up,m,KeyM,false,false,false,false,false,769,769
240107,down,",",Comma,false,false,false,false,false,769,769
240111,input,",",insertText,false,false,false,false,false,770,770
240200,up,",",Comma,false,false,false,false,false,770,770
240232,down," ",Space,false,false,false,false,false,770,770
240235,input," ",insertText,false,false,false,false,false,771,771
240289,down,a,KeyA,false,false,false,false,false,771,771
240292,input,"a",insertText,false,false,false,false,false,772,772
240340,up," ",Space,false,false,false,false,false,772,772
240389,down,l,KeyL,false,false,false,false,false,772,772
240392,input,"l",insertText,false,false,false,false,false,773,773
240399,up,a,KeyA,false,false,false,false,false,773,773
240449,up,l,KeyL,false,false,false,false,false,773,773
240574,down,o,KeyO,false,false,false,false,false,773,773
240577,input,"o",insertText,false,false,false,false,false,774,774
240624,down,n,KeyN,false,false,false,false,false,774,774
240627,input,"n",insertText,false,false,false,false,false,775,775
240656,up,o,KeyO,false,false,false,false,false,775,775
240698,down,g,KeyG,false,false,false,false,false,775,775
240701,input,"g",insertText,false,false,false,false,false,776,776
240712,up,n,KeyN,false,false,false,false,false,776,776
240754,down," ",Space,false,false,false,false,false,776,776
240758,input," ",insertText,false,false,false,false,false,777,777
240777,up,g,KeyG,false,false,false,false,false,777,777
240816,down,w,KeyW,false,false,false,false,false,777,777
240824,input,"w",insertText,false,false,false,false,false,778,778
240872,down,i,KeyI,false,false,false,false,false,778,778
240875,input,"i",insertText,false,false,false,false,false,779,779
240876,up," ",Space,false,false,false,false,false,779,779
240923,up,w,KeyW,false,false,false,false,false,779,779
240925,up,i,KeyI,false,false,false,false,false,779,779
240975,down,t,KeyT,false,false,false,false,false,779,779
240979,input,"t",insertText,false,false,false,false,false,780,780
241046,down,h,KeyH,false,false,false,false,false,780,780
241049,input,"h",insertText,false,false,false,false,false,781,781
241054,up,t,KeyT,false,false,false,false,false,781,781
241128,up,h,KeyH,false,false,false,false,false,781,781
241155,down," ",Space,false,false,false,false,false,781,781
241158,input," ",insertText,false,false,false,false,false,782,782
241236,up," ",Space,false,false,false,false,false,782,782
241245,down,s,KeyS,false,false,false,false,false,782,782
241255,input,"s",insertText,false,false,false,false,false,783,783
241322,up,s,KeyS,false,false,false,false,false,783,783
241341,down,o,KeyO,false,false,false,false,false,783,783
241343,input,"o",insertText,false,false,false,false,false,784,784
241397,down,m,KeyM,false,false,false,false,false,784,784
241399,input,"m",insertText,false,false,false,false,false,785,785
241431,up,o,KeyO,false,false,false,false,false,785,785
241473,down,e,KeyE,false,false,false,false,false,785,785
241475,input,"e",insertText,false,false,false,false,false,786,786
241481,up,m,KeyM,false,false,false,false,false,786,786
241520,down," ",Space,false,false,false,false,false,786,786
241523,input," ",insertText,false,false,false,false,false,787,787
241556,up,e,KeyE,false,false,false,false,false,787,787
241596,down,o,KeyO,false,false,false,false,false,787,787
241598,input,"o",insertText,false,false,false,false,false,788,788
241602,up," ",Space,false,false,false,false,false,788,788
241686,down,f,KeyF,false,false,false,false,false,788,788
241689,input,"f",insertText,false,false,false,false,false,789,789
241697,up,o,KeyO,false,false,false,false,false,789,789
241766,down," ",Space,false,false,false,false,false,789,789
241768,input," ",insertText,false,false,false,false,false,790,790
241776,up,f,KeyF,false,false,false,false,false,790,790
241871,down,t,KeyT,false,false,false,false,false,790,790
241874,input,"t",insertText,false,false,false,false,false,791,791
241912,up," ",Space,false,false,false,false,false,791,791
241922,down,h,KeyH,false,false,false,false,false,791,791
241924,input,"h",insertText,false,false,false,false,false,792,792
241969,up,t,KeyT,false,false,false,false,false,792,792
241977,up,h,KeyH,false,false,false,false,false,792,792
242116,down,e,KeyE,false,false,false,false,false,792,792
242121,input,"e",insertText,false,false,false,false,false,793,793
242196,up,e,KeyE,false,false,false,false,false,793,793
242255,down," ",Space,false,false,false,false,false,793,793
242258,input," ",insertText,false,false,false,false,false,794,794
242357,up," ",Space,false,false,false,false,false,794,794
242551,down,w,KeyW,false,false,false,false,false,794,794
242554,input,"w",insertText,false,false,false,false,false,795,795
242693,down,a,KeyA,false,false,false,false,false,795,795
242697,input,"a",insertText,false,false,false,false,false,796,796
242717,up,w,KeyW,false,false,false,false,false,796,796
242781,down,t,KeyT,false,false,false,false,false,796,796
242784,input,"t",insertText,false,false,false,false,false,797,797
242821,up,a,KeyA,false,false,false,false,false,797,797
242873,up,t,KeyT,false,false,false,false,false,797,797
242923,down,e,KeyE,false,false,false,false,false,797,797
242925,input,"e",insertText,false,false,false,false,false,798,798
242980,down,r,KeyR,false,false,false,false,false,798,798
242982,input,"r",insertText,false,false,false,false,false,799,799
243024,up,e,KeyE,false,false,false,false,false,799,799
243097,up,r,KeyR,false,false,false,false,false,799,799
243125,down,",",Comma,false,false,false,false,false,799,799
243127,input,",",insertText,false,false,false,false,false,800,800
243202,up,",",Comma,false,false,false,false,false,800,800
243236,down," ",Space,false,false,false,false,false,800,800
243240,input," ",insertText,false,false,false,false,false,801,801
243345,down,i,KeyI,false,false,false,false,false,801,801
243348,input,"i",insertText,false,false,false,false,false,802,802
243356,up," ",Space,false,false,false,false,false,802,802
243411,down,n,KeyN,false,false,false,false,false,802,802
243413,input,"n",insertText,false,false,false,false,false,803,803
243440,up,i,KeyI,false,false,false,false,false,803,803
243462,down,t,KeyT,false,false,false,false,false,803,803
243465,input,"t",insertText,false,false,false,false,false,804,804
243499,up,n,KeyN,false,false,false,false,false,804,804
243564,up,t,KeyT,false,false,false,false,false,804,804
243581,down,o,KeyO,false,false,false,false,false,804,804
243583,input,"o",insertText,false,false,false,false,false,805,805
243694,up,o,KeyO,false,false,false,false,false,805,805
243997,down," ",Space,false,false,false,false,false,805,805
244001,input," ",insertText,false,false,false,false,false,806,806
244109,down,t,KeyT,false,false,false,false,false,806,806
244111,input,"t",insertText,false,false,false,false,false,807,807
244133,up," ",Space,false,false,false,false,false,807,807
244142,down,h,KeyH,false,false,false,false,false,807,807
244154,input,"h",insertText,false,false,false,false,false,808,808
244182,up,t,KeyT,false,false,false,false,false,808,808
244237,up,h,KeyH,false,false,false,false,false,808,808
244256,down,e,KeyE,false,false,false,false,false,808,808
244258,input,"e",insertText,false,false,false,false,false,809,809
244312,down," ",Space,false,false,false,false,false,809,809
244315,input," ",insertText,false,false,false,false,false,810,810
244371,up,e,KeyE,false,false,false,false,false,810,810
244407,up," ",Space,false,false,false,false,false,810,810
245190,down,s,KeyS,false,false,false,false,false,810,810
245193,input,"s",insertText,false,false,false,false,false,811,811
245273,up,s,KeyS,false,false,false,false,false,811,811
245281,down,k,KeyK,false,false,false,false,false,811,811
245288,input,"k",insertText,false,false,false,false,false,812,812
245332,up,k,KeyK,false,false,false,false,false,812,812
245420,down,i,KeyI,false,false,false,false,false,812,812
245423,input,"i",insertText,false,false,false,false,false,813,813
245488,down,l,KeyL,false,false,false,false,false,813,813
245491,input,"l",insertText,false,false,false,false,false,814,814
245531,up,i,KeyI,false,false,false,false,false,814,814
245557,up,l,KeyL,false,false,false,false,false,814,814
245628,down,l,KeyL,false,false,false,false,false,814,814
245631,input,"l",insertText,false,false,false,false,false,815,815
245725,down,e,KeyE,false,false,false,false,false,815,815
245727,input,"e",insertText,false,false,false,false,false,816,816
245748,up,l,KeyL,false,false,false,false,false,816,816
245804,up,e,KeyE,false,false,false,false,false,816,816
245959,down,t,KeyT,false,false,false,false,false,816,816
245961,input,"t",insertText,false,false,false,false,false,817,817
246020,up,t,KeyT,false,false,false,false,false,817,817
246290,down,.,Period,false,false,false,false,false,817,817
246292,input,".",insertText,false,false,false,false,false,818,818
246387,up,.,Period,false,false,false,false,false,818,818
246408,down," ",Space,false,false,false,false,false,818,818
246411,input," ",insertText,false,false,false,false,false,819,819
246461,up," ",Space,false,false,false,false,false,819,819
246672,down,Shift,ShiftLeft,false,false,false,true,false,819,819
246783,down,L,KeyL,false,false,false,true,false,819,819
246788,input,"L",insertText,false,false,false,false,false,820,820
246817,up,Shift,ShiftLeft,false,false,false,false,false,820,820
246872,up,l,KeyL,false,false,false,false,false,820,820
246923,down,e,KeyE,false,false,false,false,false,820,820
246926,input,"e",insertText,false,false,false,false,false,821,821
247024,up,e,KeyE,false,false,false,false,false,821,821
247133,down," ",Space,false,false,false,false,false,821,821
247136,input," ",insertText,false,false,false,false,false,822,822
247203,up," ",Space,false,false,false,false,false,822,822
247448,down,Backspace,Backspace,false,false,false,false,false,822,822
247451,input,"",deleteContentBackward,false,false,false,false,false,821,821
247494,up,Backspace,Backspace,false,false,false,false,false,821,821
247566,down,Backspace,Backspace,false,false,false,false,false,821,821
247569,input,"",deleteContentBackward,false,false,false,false,false,820,820
247614,up,Backspace,Backspace,false,false,false,false,false,820,820
247679,down,Backspace,Backspace,false,false,false,false,false,820,820
247681,input,"",deleteContentBackward,false,false,false,false,false,819,819
247735,up,Backspace,Backspace,false,false,false,false,false,819,819
247762,down,Shift,ShiftLeft,false,false,false,true,false,819,819
247869,down,M,KeyM,false,false,false,true,false,819,819
247871,input,"M",insertText,false,false,false,false,false,820,820
247924,up,Shift,ShiftLeft,false,false,false,false,false,820,820
247980,down,i,KeyI,false,false,false,false,false,820,820
247983,input,"i",insertText,false,false,false,false,false,821,821
247998,up,m,KeyM,false,false,false,false,false,821,821
248080,up,i,KeyI,false,false,false,false,false,821,821
248081,down,x,KeyX,false,false,false,false,false,821,821
248088,input,"x",insertText,false,false,false,false,false,822,822
248195,down," ",Space,false,false,false,false,false,822,822
248197,input," ",insertText,false,false,false,false,false,823,823
248200,up,x,KeyX,false,false,false,false,false,823,823
248288,up," ",Space,false,false,false,false,false,823,823
248294,down,i,KeyI,false,false,false,false,false,823,823
248304,input,"i",insertText,false,false,false,false,false,824,824
248374,down,t,KeyT,false,false,false,false,false,824,824
248376,input,"t",insertText,false,false,false,false,false,825,825
248375,up,i,KeyI,false,false,false,false,false,825,825
248462,up,t,KeyT,false,false,false,false,false,825,825
248528,down," ",Space,false,false,false,false,false,825,825
248530,input," ",insertText,false,false,false,false,false,826,826
248596,up," ",Space,false,false,false,false,false,826,826
248799,down,a,KeyA,false,false,false,false,false,826,826
248802,input,"a",insertText,false,false,false,false,false,827,827
248909,down,r,KeyR,false,false,false,false,false,827,827
248912,input,"r",insertText,false,false,false,false,false,828,828
248950,up,a,KeyA,false,false,false,false,false,828,828
248968,down,o,KeyO,false,false,false,false,false,828,828
248971,input,"o",insertText,false,false,false,false,false,829,829
249013,up,r,KeyR,false,false,false,false,false,829,829
249033,down,u,KeyU,false,false,false,false,false,829,829
249037,input,"u",insertText,false,false,false,false,false,830,830
249096,up,o,KeyO,false,false,false,false,false,830,830
249096,down,n,KeyN,false,false,false,false,false,830,830
249104,input,"n",insertText,false,false,false,false,false,831,831
249125,up,u,KeyU,false,false,false,false,false,831,831
249171,down,d,KeyD,false,false,false,false,false,831,831
249174,input,"d",insertText,false,false,false,false,false,832,832
249199,up,n,KeyN,false,false,false,false,false,832,832
249222,down," ",Space,false,false,false,false,false,832,832
249223,input," ",insertText,false,false,false,false,false,833,833
249261,up,d,KeyD,false,false,false,false,false,833,833
249278,down,a,KeyA,false,false,false,false,false,833,833
249280,input,"a",insertText,false,false,false,false,false,834,834
249342,up," ",Space,false,false,false,false,false,834,834
249372,up,a,KeyA,false,false,false,false,false,834,834
249374,down,n,KeyN,false,false,false,false,false,834,834
249387,input,"n",insertText,false,false,false,false,false,835,835
249422,down,d,KeyD,false,false,false,false,false,835,835
249425,input,"d",insertText,false,false,false,false,false,836,836
249451,up,n,KeyN,false,false,false,false,false,836,836
249487,down," ",Space,false,false,false,false,false,836,836
249489,input," ",insertText,false,false,false,false,false,837,837
249523,up,d,KeyD,false,false,false,false,false,837,837
249557,down,l,KeyL,false,false,false,false,false,837,837
249559,input,"l",insertText,false,false,false,false,false,838,838
249600,up," ",Space,false,false,false,false,false,838,838
249655,down,e,KeyE,false,false,false,false,false,838,838
249658,input,"e",insertText,false,false,false,false,false,839,839
249656,up,l,KeyL,false,false,false,false,false,839,839
249737,down,t,KeyT,false,false,false,false,false,839,839
249740,input,"t",insertText,false,false,false,false,false,840,840
249768,up,e,KeyE,false,false,false,false,false,840,840
249838,down," ",Space,false,false,false,false,false,840,840
249841,input," ",insertText,false,false,false,false,false,841,841
249879,up,t,KeyT,false,false,false,false,false,841,841
249941,down,i,KeyI,false,false,false,false,false,841,841
249944,input,"i",insertText,false,false,false,false,false,842,842
249942,up," ",Space,false,false,false,false,false,842,842
250006,up,i,KeyI,false,false,false,false,false,842,842
250148,down,t,KeyT,false,false,false,false,false,842,842
250151,input,"t",insertText,false,false,false,false,false,843,843
250205,up,t,KeyT,false,false,false,false,false,843,843
250329,down," ",Space,false,false,false,false,false,843,843
250331,input," ",insertText,false,false,false,false,false,844,844
250432,up," ",Space,false,false,false,false,false,844,844
250956,down,c,KeyC,false,false,false,false,false,844,844
250960,input,"c",insertText,false,false,false,false,false,845,845
251015,down,o,KeyO,false,false,false,false,false,845,845
251018,input,"o",insertText,false,false,false,false,false,846,846
251039,up,c,KeyC,false,false,false,false,false,846,846
251066,up,o,KeyO,false,false,false,false,false,846,846
251134,down,o,KeyO,false,false,false,false,false,846,846
251139,input,"o",insertText,false,false,false,false,false,847,847
251192,up,o,KeyO,false,false,false,false,false,847,847
251307,down,k,KeyK,false,false,false,false,false,847,847
251309,input,"k",insertText,false,false,false,false,false,848,848
251378,down," ",Space,false,false,false,false,false,848,848
251381,input," ",insertText,false,false,false,false,false,849,849
251399,up,k,KeyK,false,false,false,false,false,849,849
251468,down,f,KeyF,false,false,false,false,false,849,849
251473,input,"f",insertText,false,false,false,false,false,850,850
251518,up," ",Space,false,false,false,false,false,850,850
251547,up,f,KeyF,false,false,false,false,false,850,850
251555,down,o,KeyO,false,false,false,false,false,850,850
251557,input,"o",insertText,false,false,false,false,false,851,851
251624,up,o,KeyO,false,false,false,false,false,851,851
251632,down,r,KeyR,false,false,false,false,false,851,851
251640,input,"r",insertText,false,false,false,false,false,852,852
251718,down," ",Space,false,false,false,false,false,852,852
251722,input," ",insertText,false,false,false,false,false,853,853
251790,up,r,KeyR,false,false,false,false,false,853,853
251807,up," ",Space,false,false,false,false,false,853,853
252029,down,3,Digit3,false,false,false,false,false,853,853
252032,input,"3",insertText,false,false,false,false,false,854,854
252123,up,3,Digit3,false,false,false,false,false,854,854
252125,down,0,Digit0,false,false,false,false,false,854,854
252138,input,"0",insertText,false,false,false,false,false,855,855
252206,up,0,Digit0,false,false,false,false,false,855,855
252262,down," ",Space,false,false,false,false,false,855,855
252264,input," ",insertText,false,false,false,false,false,856,856
252341,down,m,KeyM,false,false,false,false,false,856,856
252344,input,"m",insertText,false,false,false,false,false,857,857
252392,up," ",Space,false,false,false,false,false,857,857
252475,down,i,KeyI,false,false,false,false,false,857,857
252477,input,"i",insertText,false,false,false,false,false,858,858
252483,up,m,KeyM,false,false,false,false,false,858,858
252584,up,i,KeyI,false,false,false,false,false,858,858
252693,down,n,KeyN,false,false,false,false,false,858,858
252697,input,"n",insertText,false,false,false,false,false,859,859
252785,up,n,KeyN,false,false,false,false,false,859,859
252872,down,u,KeyU,false,false,false,false,false,859,859
252875,input,"u",insertText,false,false,false,false,false,860,860
252941,down,t,KeyT,false,false,false,false,false,860,860
252944,input,"t",insertText,false,false,false,false,false,861,861
252942,up,u,KeyU,false,false,false,false,false,861,861
253037,down,e,KeyE,false,false,false,false,false,861,861
253040,input,"e",insertText,false,false,false,false,false,862,862
253114,up,t,KeyT,false,false,false,false,false,862,862
253115,down,s,KeyS,false,false,false,false,false,862,862
253121,input,"s",insertText,false,false,false,false,false,863,863
253161,up,e,KeyE,false,false,false,false,false,863,863
253187,up,s,KeyS,false,false,false,false,false,863,863
253305,down,.,Period,false,false,false,false,false,863,863
253309,input,".",insertText,false,false,false,false,false,864,864
253380,up,.,Period,false,false,false,false,false,864,864
253414,down," ",Space,false,false,false,false,false,864,864
253417,input," ",insertText,false,false,false,false,false,865,865
253480,down,Shift,ShiftLeft,false,false,false,true,false,865,865
253492,up," ",Space,false,false,false,true,false,865,865
253581,down,I,KeyI,false,false,false,true,false,865,865
253583,input,"I",insertText,false,false,false,false,false,866,866
253619,up,Shift,ShiftLeft,false,false,false,false,false,866,866
253639,up,i,KeyI,false,false,false,false,false,866,866
253710,down,t,KeyT,false,false,false,false,false,866,866
253714,input,"t",insertText,false,false,false,false,false,867,867
253795,down," ",Space,false,false,false,false,false,867,867
253797,input," ",insertText,false,false,false,false,false,868,868
253823,up,t,KeyT,false,false,false,false,false,868,868
253897,down,s,KeyS,false,false,false,false,false,868,868
253899,input,"s",insertText,false,false,false,false,false,869,869
253898,up," ",Space,false,false,false,false,false,869,869
253923,down,h,KeyH,false,false,false,false,false,869,869
253926,input,"h",insertText,false,false,false,false,false,870,870
253956,up,s,KeyS,false,false,false,false,false,870,870
253972,down,o,KeyO,false,false,false,false,false,870,870
253974,input,"o",insertText,false,false,false,false,false,871,871
254019,down,u,KeyU,false,false,false,false,false,871,871
254022,input,"u",insertText,false,false,false,false,false,872,872
254053,up,h,KeyH,false,false,false,false,false,872,872
254069,up,o,KeyO,false,false,false,false,false,872,872
254090,up,u,KeyU,false,false,false,false,false,872,872
254152,down,l,KeyL,false,false,false,false,false,872,872
254155,input,"l",insertText,false,false,false,false,false,873,873
254232,down,d,KeyD,false,false,false,false,false,873,873
254234,input,"d",insertText,false,false,false,false,false,874,874
254283,up,l,KeyL,false,false,false,false,false,874,874
254335,up,d,KeyD,false,false,false,false,false,874,874
254337,down," ",Space,false,false,false,false,false,874,874
254354,input," ",insertText,false,false,false,false,false,875,875
254430,up," ",Space,false,false,false,false,false,875,875
254649,down,b,KeyB,false,false,false,false,false,875,875
254654,input,"b",insertText,false,false,false,false,false,876,876
254717,down,e,KeyE,false,false,false,false,false,876,876
254720,input,"e",insertText,false,false,false,false,false,877,877
254724,up,b,KeyB,false,false,false,false,false,877,877
254770,down," ",Space,false,false,false,false,false,877,877
254773,input," ",insertText,false,false,false,false,false,878,878
254851,up,e,KeyE,false,false,false,false,false,878,878
254852,down,a,KeyA,false,false,false,false,false,878,878
254871,input,"a",insertText,false,false,false,false,false,879,879
254870,up," ",Space,false,false,false,false,false,879,879
254981,down," ",Space,false,false,false,false,false,879,879
254984,input," ",insertText,false,false,false,false,false,880,880
254991,up,a,KeyA,false,false,false,false,false,880,880
255083,up," ",Space,false,false,false,false,false,880,880
256351,down,n,KeyN,false,false,false,false,false,880,880
256354,input,"n",insertText,false,false,false,false,false,881,881
256406,down,i,KeyI,false,false,false,false,false,881,881
256409,input,"i",insertText,false,false,false,false,false,882,882
256481,down,c,KeyC,false,false,false,false,false,882,882
256484,input,"c",insertText,false,false,false,false,false,883,883
256482,up,n,KeyN,false,false,false,false,false,883,883
256512,up,i,KeyI,false,false,false,false,false,883,883
256553,down,e,KeyE,false,false,false,false,false,883,883
256556,input,"e",insertText,false,false,false,false,false,884,884
256606,up,c,KeyC,false,false,false,false,false,884,884
256654,down," ",Space,false,false,false,false,false,884,884
256657,input," ",insertText,false,false,false,false,false,885,885
256692,up,e,KeyE,false,false,false,false,false,885,885
256751,up," ",Space,false,false,false,false,false,885,885
257267,down,r,KeyR,false,false,false,false,false,885,885
257271,input,"r",insertText,false,false,false,false,false,886,886
257362,down,e,KeyE,false,false,false,false,false,886,886
257364,input,"e",insertText,false,false,false,false,false,887,887
257405,up,r,KeyR,false,false,false,false,false,887,887
257464,up,e,KeyE,false,false,false,false,false,887,887
257545,down,d,KeyD,false,false,false,false,false,887,887
257549,input,"d",insertText,false,false,false,false,false,888,888
257610,down," ",Space,false,false,false,false,false,888,888
257613,input," ",insertText,false,false,false,false,false,889,889
257659,up,d,KeyD,false,false,false,false,false,889,889
257744,up," ",Space,false,false,false,false,false,889,889
257758,down,c,KeyC,false,false,false,false,false,889,889
257761,input,"c",insertText,false,false,false,false,false,890,890
257853,down,o,KeyO,false,false,false,false,false,890,890
257855,input,"o",insertText,false,false,false,false,false,891,891
257861,up,c,KeyC,false,false,false,false,false,891,891
257917,up,o,KeyO,false,false,false,false,false,891,891
257998,down,l,KeyL,false,false,false,false,false,891,891
258000,input,"l",insertText,false,false,false,false,false,892,892
258044,up,l,KeyL,false,false,false,false,false,892,892
258133,down,o,KeyO,false,false,false,false,false,892,892
258137,input,"o",insertText,false,false,false,false,false,893,893
258186,down,r,KeyR,false,false,false,false,false,893,893
258189,input,"r",insertText,false,false,false,false,false,894,894
258219,up,o,KeyO,false,false,false,false,false,894,894
258282,down," ",Space,false,false,false,false,false,894,894
258284,input," ",insertText,false,false,false,false,false,895,895
258310,down,a,KeyA,false,false,false,false,false,895,895
258313,input,"a",insertText,false,false,false,false,false,896,896
258363,up,r,KeyR,false,false,false,false,false,896,896
258405,up," ",Space,false,false,false,false,false,896,896
258416,up,a,KeyA,false,false,false,false,false,896,896
258448,down,n,KeyN,false,false,false,false,false,896,896
258450,input,"n",insertText,false,false,false,false,false,897,897
258513,down,d,KeyD,false,false,false,false,false,897,897
258516,input,"d",insertText,false,false,false,false,false,898,898
258515,up,n,KeyN,false,false,false,false,false,898,898
258619,up,d,KeyD,false,false,false,false,false,898,898
258620,down," ",Space,false,false,false,false,false,898,898
258637,input," ",insertText,false,false,false,false,false,899,899
258752,up," ",Space,false,false,false,false,false,899,899
259800,down,s,KeyS,false,false,false,false,false,899,899
259804,input,"s",insertText,false,false,false,false,false,900,900
259894,down,m,KeyM,false,false,false,false,false,900,900
259897,input,"m",insertText,false,false,false,false,false,901,901
259900,up,s,KeyS,false,false,false,false,false,901,901
259999,up,m,KeyM,false,false,false,false,false,901,901
260045,down,e,KeyE,false,false,false,false,false,901,901
260048,input,"e",insertText,false,false,false,false,false,902,902
260135,up,e,KeyE,false,false,false,false,false,902,902
260321,down,l,KeyL,false,false,false,false,false,902,902
260323,input,"l",insertText,false,false,false,false,false,903,903
260568,up,l,KeyL,false,false,false,false,false,903,903
260664,down,l,KeyL,false,false,false,false,false,903,903
260667,input,"l",insertText,false,false,false,false,false,904,904
260794,down," ",Space,false,false,false,false,false,904,904
260796,input," ",insertText,false,false,false,false,false,905,905
260817,up,l,KeyL,false,false,false,false,false,905,905
260879,down,a,KeyA,false,false,false,false,false,905,905
260882,input,"a",insertText,false,false,false,false,false,906,906
260927,up," ",Space,false,false,false,false,false,906,906
260994,down,m,KeyM,false,false,false,false,false,906,906
260997,input,"m",insertText,false,false,false,false,false,907,907
261007,up,a,KeyA,false,false,false,false,false,907,907
261090,down,a,KeyA,false,false,false,false,false,907,907
261092,input,"a",insertText,false,false,false,false,false,908,908
261090,up,m,KeyM,false,false,false,false,false,908,908
261186,up,a,KeyA,false,false,false,false,false,908,908
261282,down,z,KeyZ,false,false,false,false,false,908,908
261286,input,"z",insertText,false,false,false,false,false,909,909
261384,down,i,KeyI,false,false,false,false,false,909,909
261388,input,"i",insertText,false,false,false,false,false,910,910
261421,up,z,KeyZ,false,false,false,false,false,910,910
261447,down,n,KeyN,false,false,false,false,false,910,910
261449,input,"n",insertText,false,false,false,false,false,911,911
261475,up,i,KeyI,false,false,false,false,false,911,911
261524,up,n,KeyN,false,false,false,false,false,911,911
261578,down,g,KeyG,false,false,false,false,false,911,911
261580,input,"g",insertText,false,false,false,false,false,912,912
261657,up,g,KeyG,false,false,false,false,false,912,912
261966,down,.,Period,false,false,false,false,false,912,912
261971,input,".",insertText,false,false,false,false,false,913,913
262068,down," ",Space,false,false,false,false,false,913,913
262071,input," ",insertText,false,false,false,false,false,914,914
262091,up,.,Period,false,false,false,false,false,914,914
262186,up," ",Space,false,false,false,false,false,914,914
262243,down,Shift,ShiftLeft,false,false,false,true,false,914,914
262508,down,A,KeyA,false,false,false,true,false,914,914
262510,input,"A",insertText,false,false,false,false,false,915,915
262576,up,Shift,ShiftLeft,false,false,false,false,false,915,915
262626,up,a,KeyA,false,false,false,false,false,915,915
262736,down,d,KeyD,false,false,false,false,false,915,915
262739,input,"d",insertText,false,false,false,false,false,916,916
262801,up,d,KeyD,false,false,false,false,false,916,916
262878,down,d,KeyD,false,false,false,false,false,916,916
262881,input,"d",insertText,false,false,false,false,false,917,917
262972,down," ",Space,false,false,false,false,false,917,917
262974,input," ",insertText,false,false,false,false,false,918,918
263018,up,d,KeyD,false,false,false,false,false,918,918
263089,down,s,KeyS,false,false,false,false,false,918,918
263092,input,"s",insertText,false,false,false,false,false,919,919
263129,up," ",Space,false,false,false,false,false,919,919
263179,down,a,KeyA,false,false,false,false,false,919,919
263182,input,"a",insertText,false,false,false,false,false,920,920
263232,up,s,KeyS,false,false,false,false,false,920,920
263294,up,a,KeyA,false,false,false,false,false,920,920
263318,down,l,KeyL,false,false,false,false,false,920,920
263321,input,"l",insertText,false,false,false,false,false,921,921
263406,down,t,KeyT,false,false,false,false,false,921,921
263408,input,"t",insertText,false,false,false,false,false,922,922
263422,up,l,KeyL,false,false,false,false,false,922,922
263489,down," ",Space,false,false,false,false,false,922,922
263492,input," ",insertText,false,false,false,false,false,923,923
263522,up,t,KeyT,false,false,false,false,false,923,923
263552,down,a,KeyA,false,false,false,false,false,923,923
263556,input,"a",insertText,false,false,false,false,false,924,924
263619,up," ",Space,false,false,false,false,false,924,924
263651,up,a,KeyA,false,false,false,false,false,924,924
263714,down,n,KeyN,false,false,false,false,false,924,924
263717,input,"n",insertText,false,false,false,false,false,925,925
263802,up,n,KeyN,false,false,false,false,false,925,925
263814,down,d,KeyD,false,false,false,false,false,925,925
263821,input,"d",insertText,false,false,false,false,false,926,926
263906,down," ",Space,false,false,false,false,false,926,926
263907,input," ",insertText,false,false,false,false,false,927,927
263926,up,d,KeyD,false,false,false,false,false,927,927
264021,up," ",Space,false,false,false,false,false,927,927
264095,down,s,KeyS,false,false,false,false,false,927,927
264097,input,"s",insertText,false,false,false,false,false,928,928
264189,up,s,KeyS,false,false,false,false,false,928,928
264197,down,u,KeyU,false,false,false,false,false,928,928
264204,input,"u",insertText,false,false,false,false,false,929,929
264272,down,r,KeyR,false,false,false,false,false,929,929
264275,input,"r",insertText,false,false,false,false,false,930,930
264273,up,u,KeyU,false,false,false,false,false,930,930
264334,up,r,KeyR,false,false,false,false,false,930,930
264452,down,v,KeyV,false,false,false,false,false,930,930
264454,input,"v",insertText,false,false,false,false,false,931,931
264509,up,v,KeyV,false,false,false,false,false,931,931
264562,down,e,KeyE,false,false,false,false,false,931,931
264564,input,"e",insertText,false,false,false,false,false,932,932
264641,down,r,KeyR,false,false,false,false,false,932,932
264644,input,"r",insertText,false,false,false,false,false,933,933
264694,up,e,KeyE,false,false,false,false,false,933,933
264718,up,r,KeyR,false,false,false,false,false,933,933
265315,down,Backspace,Backspace,false,false,false,false,false,933,933
265317,input,"",deleteContentBackward,false,false,false,false,false,932,932
265372,up,Backspace,Backspace,false,false,false,false,false,932,932
265620,down," ",Space,false,false,false,false,false,932,932
265623,input," ",insertText,false,false,false,false,false,933,933
265730,up," ",Space,false,false,false,false,false,933,933
265904,down,o,KeyO,false,false,false,false,false,933,933
265906,input,"o",insertText,false,false,false,false,false,934,934
265987,up,o,KeyO,false,false,false,false,false,934,934
266049,down,v,KeyV,false,false,false,false,false,934,934
266054,input,"v",insertText,false,false,false,false,false,935,935
266123,up,v,KeyV,false,false,false,false,false,935,935
266211,down,e,KeyE,false,false,false,false,false,935,935
266214,input,"e",insertText,false,false,false,false,false,936,936
266297,down,r,KeyR,false,false,false,false,false,936,936
266299,input,"r",insertText,false,false,false,false,false,937,937
266328,up,e,KeyE,false,false,false,false,false,937,937
266402,up,r,KeyR,false,false,false,false,false,937,937
266403,down," ",Space,false,false,false,false,false,937,937
266420,input," ",insertText,false,false,false,false,false,938,938
266471,down,r,KeyR,false,false,false,false,false,938,938
266473,input,"r",insertText,false,false,false,false,false,939,939
266529,up," ",Space,false,false,false,false,false,939,939
266552,up,r,KeyR,false,false,false,false,false,939,939
266570,down,i,KeyI,false,false,false,false,false,939,939
266572,input,"i",insertText,false,false,false,false,false,940,940
266656,up,i,KeyI,false,false,false,false,false,940,940
266697,down,c,KeyC,false,false,false,false,false,940,940
266701,input,"c",insertText,false,false,false,false,false,941,941
266784,down,e,KeyE,false,false,false,false,false,941,941
266788,input,"e",insertText,false,false,false,false,false,942,942
266814,up,c,KeyC,false,false,false,false,false,942,942
266897,up,e,KeyE,false,false,false,false,false,942,942
266911,down," ",Space,false,false,false,false,false,942,942
266913,input," ",insertText,false,false,false,false,false,943,943
266963,up," ",Space,false,false,false,false,false,943,943
267154,down,o,KeyO,false,false,false,false,false,943,943
267158,input,"o",insertText,false,false,false,false,false,944,944
267213,up,o,KeyO,false,false,false,false,false,944,944
267248,down,r,KeyR,false,false,false,false,false,944,944
267251,input,"r",insertText,false,false,false,false,false,945,945
267335,down," ",Space,false,false,false,false,false,945,945
267338,input," ",insertText,false,false,false,false,false,946,946
267360,up,r,KeyR,false,false,false,false,false,946,946
267396,up," ",Space,false,false,false,false,false,946,946
267713,down,w,KeyW,false,false,false,false,false,946,946
267716,input,"w",insertText,false,false,false,false,false,947,947
267761,down,i,KeyI,false,false,false,false,false,947,947
267764,input,"i",insertText,false,false,false,false,false,948,948
267784,up,w,KeyW,false,false,false,false,false,948,948
267818,up,i,KeyI,false,false,false,false,false,948,948
267862,down,t,KeyT,false,false,false,false,false,948,948
267864,input,"t",insertText,false,false,false,false,false,949,949
267939,up,t,KeyT,false,false,false,false,false,949,949
267941,down,h,KeyH,false,false,false,false,false,949,949
267955,input,"h",insertText,false,false,false,false,false,950,950
268022,up,h,KeyH,false,false,false,false,false,950,950
268034,down," ",Space,false,false,false,false,false,950,950
268037,input," ",insertText,false,false,false,false,false,951,951
268097,up," ",Space,false,false,false,false,false,951,951
268160,down,n,KeyN,false,false,false,false,false,951,951
268163,input,"n",insertText,false,false,false,false,false,952,952
268252,up,n,KeyN,false,false,false,false,false,952,952
268258,down,a,KeyA,false,false,false,false,false,952,952
268270,input,"a",insertText,false,false,false,false,false,953,953
268370,up,a,KeyA,false,false,false,false,false,953,953
268587,down,a,KeyA,false,false,false,false,false,953,953
268589,input,"a",insertText,false,false,false,false,false,954,954
268695,up,a,KeyA,false,false,false,false,false,954,954
268758,down,n,KeyN,false,false,false,false,false,954,954
268760,input,"n",insertText,false,false,false,false,false,955,955
268930,up,n,KeyN,false,false,false,false,false,955,955
269081,down,.,Period,false,false,false,false,false,955,955
269084,input,".",insertText,false,false,false,false,false,956,956
269326,up,.,Period,false,false,false,false,false,956,956
269803,mouse,,,false,false,false,false,false,756,453
270068,mouse,,,false,false,false,false,false,572,585
270335,mouse,,,false,false,false,false,false,766,529